regime,h,model,n_pairs,n_origins,MAE,R2_level,wMAPE_pct
main,1,seasonal_naive,4000,10,4232.67975,0.8252257862602591,13.705164422528481
main,1,v3,4000,10,864.2694692814449,0.9896271985052884,2.798452961595696
main,1,v3_hedge,4000,10,721.0740436099111,0.9925157061713645,2.334794719229893
main,1,v4_diversified,4000,10,787.6105003388071,0.9911922698969515,2.550235795196477
main,3,seasonal_naive,3200,8,4247.8840625,0.8325227377573892,13.625723762285537
main,3,v3,3200,8,1140.5431869657289,0.980626219650961,3.6584629372878053
main,3,v3_hedge,3200,8,1021.4402589387705,0.9840746290369036,3.276422473683531
main,3,v4_diversified,3200,8,1072.7825749813048,0.9825446322001891,3.441110634993615
main,6,seasonal_naive,2000,5,4144.187,0.8480108409772094,13.109807908223338
main,6,v3,2000,5,1291.3465772388006,0.9772435643485604,4.085072794867212
main,6,v3_hedge,2000,5,1209.9706162164496,0.9795529974824334,3.8276463762837625
main,6,v4_diversified,2000,5,1251.6729957098678,0.9784448032567351,3.959568556550855
short_history_fallback,12,seasonal_naive,400,1,4608.8150000000005,0.8419011666775285,12.71327537559148
short_history_fallback,12,national_yoy_fallback,400,1,1394.9226005041721,0.9792904540410663,3.8478513778152776
