regime,h,origin,model,MAE,R2_level,wMAPE_pct
main,1,2024-02-01,seasonal_naive,3694.3375,0.8146766095389841,12.309911872548405
main,1,2024-03-01,seasonal_naive,4649.387500000001,0.7581799167780336,15.801651592085936
main,1,2024-04-01,seasonal_naive,4288.3949999999995,0.8000262701613454,14.381299727742936
main,1,2024-05-01,seasonal_naive,4651.7649999999985,0.7803249693999379,15.304039629990026
main,1,2024-06-01,seasonal_naive,4321.977500000001,0.8217377269678614,13.882684601398335
main,1,2024-07-01,seasonal_naive,4350.495000000001,0.8256560404455368,13.83229157823751
main,1,2024-08-01,seasonal_naive,3650.4949999999994,0.8585032613980208,12.539254997890081
main,1,2024-09-01,seasonal_naive,4352.507500000001,0.8198886577370975,14.220858786462127
main,1,2024-10-01,seasonal_naive,3758.6225,0.8609230138419345,12.269453353848675
main,1,2024-11-01,seasonal_naive,4608.8150000000005,0.8419011666775285,12.71327537559148
main,1,2024-02-01,v3,1067.430274436617,0.9856371557697912,3.556787274688606
main,1,2024-03-01,v3,1953.0153047781955,0.9590706691640758,6.63761998760408
main,1,2024-04-01,v3,952.4265643465417,0.9871087533378704,3.1939995943778645
main,1,2024-05-01,v3,906.6097704468511,0.9893343763680249,2.98269406469475
main,1,2024-06-01,v3,578.6545427690937,0.9941232991063225,1.8587043802124579
main,1,2024-07-01,v3,538.8173564010856,0.9957605959443061,1.7131564985490009
main,1,2024-08-01,v3,576.2787079372786,0.9948611371633268,1.979486526808052
main,1,2024-09-01,v3,553.3509333271653,0.9954262566947915,1.8079521935809726
main,1,2024-10-01,v3,650.4213107138272,0.9933589810434071,2.123201766645205
main,1,2024-11-01,v3,865.6899276577924,0.9924766715966795,2.3879792181264334
main,1,2024-02-01,v3_hedge,691.6700274867618,0.9926800980251198,2.3047155500127348
main,1,2024-03-01,v3_hedge,1471.65467296937,0.9747529156493789,5.00164256176263
main,1,2024-04-01,v3_hedge,700.220713495384,0.9918233559905126,2.3482174464691643
main,1,2024-05-01,v3_hedge,645.0482175887871,0.9938807697356137,2.1221715811596735
main,1,2024-06-01,v3_hedge,601.7771211408483,0.9940790118653856,1.9329767388043717
main,1,2024-07-01,v3_hedge,563.4283107564339,0.9955425344910551,1.791406421066294
main,1,2024-08-01,v3_hedge,570.7522207791144,0.9949542148460838,1.9605033391256186
main,1,2024-09-01,v3_hedge,598.55324786747,0.9948740912803483,1.9556407919116856
main,1,2024-10-01,v3_hedge,591.5141949687281,0.9941215348084053,1.930908417460961
main,1,2024-11-01,v3_hedge,776.1217090462129,0.9933855506247394,2.1409080234461983
main,1,2024-02-01,v4_diversified,879.1950445777169,0.989549088061298,2.9295681614181057
main,1,2024-03-01,v4_diversified,1735.1067632442473,0.9667703459984136,5.897024618373394
main,1,2024-04-01,v4_diversified,829.1814551922577,0.9894520017136574,2.7806923186427346
main,1,2024-05-01,v4_diversified,745.1491989641515,0.9922369594771073,2.4514980595973146
main,1,2024-06-01,v4_diversified,584.5865909509524,0.9940798888232676,1.8777587954538708
main,1,2024-07-01,v4_diversified,550.2671947713216,0.9956880305664264,1.7495609773176912
main,1,2024-08-01,v4_diversified,561.2260253338494,0.995120344394027,1.9277813674894662
main,1,2024-09-01,v4_diversified,612.7152092259785,0.9947271781537441,2.0019118787779773
main,1,2024-10-01,v4_diversified,606.1355600564053,0.9936893569011463,1.9786376472287406
main,1,2024-11-01,v4_diversified,772.5419610711897,0.9934274939424839,2.131033398020425
main,3,2024-02-01,seasonal_naive,4288.3949999999995,0.8000262701613454,14.381299727742936
main,3,2024-03-01,seasonal_naive,4651.7649999999985,0.7803249693999379,15.304039629990026
main,3,2024-04-01,seasonal_naive,4321.977500000001,0.8217377269678614,13.882684601398335
main,3,2024-05-01,seasonal_naive,4350.495000000001,0.8256560404455368,13.83229157823751
main,3,2024-06-01,seasonal_naive,3650.4949999999994,0.8585032613980208,12.539254997890081
main,3,2024-07-01,seasonal_naive,4352.507500000001,0.8198886577370975,14.220858786462127
main,3,2024-08-01,seasonal_naive,3758.6225,0.8609230138419345,12.269453353848675
main,3,2024-09-01,seasonal_naive,4608.8150000000005,0.8419011666775285,12.71327537559148
main,3,2024-02-01,v3,2133.8093198537363,0.9487416750279346,7.155812696980545
main,3,2024-03-01,v3,1940.4443160999695,0.9574284887118353,6.38395033140815
main,3,2024-04-01,v3,932.4757578734005,0.9821461124864554,2.9952184723326987
main,3,2024-05-01,v3,793.7939821718455,0.9896056992874328,2.523848392987748
main,3,2024-06-01,v3,657.1999469280781,0.9929453284748989,2.2574466528870745
main,3,2024-07-01,v3,743.091367084301,0.9908410605000532,2.427887234368909
main,3,2024-08-01,v3,865.8969217276957,0.9860668352486553,2.8265892332574287
main,3,2024-09-01,v3,1057.633883986803,0.9865011258340374,2.9174507576634334
main,3,2024-02-01,v3_hedge,1733.3186420931713,0.963567155618907,5.812751604184382
main,3,2024-03-01,v3_hedge,1473.1437183310709,0.9713786277099629,4.846558208767979
main,3,2024-04-01,v3_hedge,826.5437288893266,0.9848674431160748,2.6549527149167735
main,3,2024-05-01,v3_hedge,805.6416973324409,0.9893921109964426,2.5615179112005633
main,3,2024-06-01,v3_hedge,772.3354673137064,0.9909730237057963,2.6529310048530865
main,3,2024-07-01,v3_hedge,717.5849382461744,0.9909392753576574,2.3445506007952868
main,3,2024-08-01,v3_hedge,858.1060431238205,0.9862479022263141,2.801157091132024
main,3,2024-09-01,v3_hedge,984.8478361804532,0.9875691179852775,2.716672668444601
main,3,2024-02-01,v4_diversified,1951.5474106227107,0.9557651501184563,6.54459028262691
main,3,2024-03-01,v4_diversified,1729.0294540355173,0.964225773093189,5.688407579914202
main,3,2024-04-01,v4_diversified,865.6943757574737,0.9834168273706075,2.7807090573343847
main,3,2024-05-01,v4_diversified,772.8898048308293,0.9897979431439311,2.457384076586024
main,3,2024-06-01,v4_diversified,731.9878653632696,0.991793489423886,2.514339151033291
main,3,2024-07-01,v4_diversified,712.6043062630845,0.9915614564303916,2.328277483724527
main,3,2024-08-01,v4_diversified,846.0618254171848,0.9867014176162063,2.76184056830081
main,3,2024-09-01,v4_diversified,972.4455575603695,0.9877014364673369,2.682461361767736
main,6,2024-02-01,seasonal_naive,4350.495000000001,0.8256560404455368,13.83229157823751
main,6,2024-03-01,seasonal_naive,3650.4949999999994,0.8585032613980208,12.539254997890081
main,6,2024-04-01,seasonal_naive,4352.507500000001,0.8198886577370975,14.220858786462127
main,6,2024-05-01,seasonal_naive,3758.6225,0.8609230138419345,12.269453353848675
main,6,2024-06-01,seasonal_naive,4608.8150000000005,0.8419011666775285,12.71327537559148
main,6,2024-02-01,v3,2113.238864837863,0.9478664155598918,6.718990862626199
main,6,2024-03-01,v3,1239.471157859749,0.9751753018990605,4.257517106839885
main,6,2024-04-01,v3,1107.249273251154,0.9820545641474272,3.617692917546374
main,6,2024-05-01,v3,886.8468802683383,0.987666928915153,2.8949771969540965
main,6,2024-06-01,v3,1109.9267099768992,0.9861345654625507,3.0616989205816623
main,6,2024-02-01,v3_hedge,1730.2133995453903,0.9601402248680675,5.501170840349292
main,6,2024-03-01,v3_hedge,1013.9820362573093,0.9808534836644249,3.482974039386503
main,6,2024-04-01,v3_hedge,940.2689479890546,0.9856599115479665,3.0721215140117843
main,6,2024-05-01,v3_hedge,1059.805286188992,0.9836504629341942,3.4595736930372984
main,6,2024-06-01,v3_hedge,1305.583411101501,0.9825882921432834,3.601411953210844
main,6,2024-02-01,v4_diversified,1936.564168198813,0.9537506784002798,6.157258021097133
main,6,2024-03-01,v4_diversified,1114.5008816106933,0.9783687034190388,3.8282508947114824
main,6,2024-04-01,v4_diversified,1017.713491511122,0.9838511143362446,3.3251544880409707
main,6,2024-05-01,v4_diversified,951.1741979578004,0.9862601108953593,3.1049639736971875
main,6,2024-06-01,v4_diversified,1238.4122392709091,0.9840614412277159,3.416122327833499
short_history_fallback,12,2023-12-01,seasonal_naive,4608.8150000000005,0.8419011666775285,12.71327537559148
short_history_fallback,12,2023-12-01,national_yoy_fallback,1394.9226005041721,0.9792904540410663,3.8478513778152776
