regime,h,model,n_pairs,n_origins,MAE,R2_level,R2_log_yoy,wMAPE_pct
main,1,seasonal_naive,1000,10,4446.111,0.8191394805810498,-8.105559701978255,13.833632230027586
main,1,prophet_auto,1000,10,1533.2338816541358,0.9649820516819531,-0.6379401661903941,4.770504749301344
main,1,v3,1000,10,852.9046692646073,0.9905601200348578,0.3642728484997072,2.653728060743398
main,1,v3_hedge,1000,10,710.3067560746254,0.9930979498956266,0.5222784795084815,2.2100488345973095
main,1,v4_diversified,1000,10,772.4158266778348,0.9920266507973652,0.45233156391615537,2.4032950313012647
main,1,prophet_log_fourier4,1000,10,1632.3180771536763,0.9653386027420381,-0.738295555201109,5.07879537010429
main,1,prophet_log_month_dummies,1000,10,1075.0186355270134,0.9845432589305071,0.06248807306724258,3.344813578497426
main,3,seasonal_naive,800,8,4452.66625,0.826022526236136,-8.85100933014803,13.72415614809607
main,3,prophet_auto,800,8,1831.2851038703075,0.9565505421805381,-1.259557048982726,5.644447911899625
main,3,v3,800,8,1078.9530184531163,0.9842283125234237,-0.13684663670349462,3.3255849125701142
main,3,v3_hedge,800,8,971.5453790266413,0.986981486853843,0.08993822075445668,2.994529510655061
main,3,v4_diversified,800,8,1019.4304959466949,0.9857597501760951,-0.02244508018685032,3.1421226121547865
main,3,prophet_log_fourier4,800,8,1766.5812697300496,0.9600009234064613,-1.2705700300665885,5.44501560027703
main,3,prophet_log_month_dummies,800,8,2161.996256738093,0.9282405646105378,-2.8003873241003174,6.663776836872241
main,6,seasonal_naive,500,5,4369.316000000001,0.8420919765334964,-7.785282427713227,13.264616921039073
main,6,prophet_auto,500,5,2229.4908228037107,0.9410395212077693,-1.9382546692542468,6.76841448260172
main,6,v3,500,5,1224.7416240004366,0.9790385658447398,-0.41612101746189833,3.718139971935438
main,6,v3_hedge,500,5,1159.4820804658052,0.9809758826351533,-0.20060802450125537,3.5200213544152685
main,6,v4_diversified,500,5,1186.8178642132168,0.9800708009447144,-0.31793034117706487,3.603008874577642
main,6,prophet_log_fourier4,500,5,2170.7010460186316,0.9448138920561104,-2.0571956356245886,6.589937149324047
main,6,prophet_log_month_dummies,500,5,4022.657737661578,0.7314753119678604,-12.338955892641124,12.212212139047509
short_history_fallback,12,seasonal_naive,100,1,4941.300000000002,0.8326578340880961,-6.526240250687701,13.060533390354617
short_history_fallback,12,national_yoy_fallback,100,1,1575.0554632895178,0.9764226585708388,-0.2819467450817388,4.163087541730556
short_history_fallback,12,prophet_auto,100,1,2783.247511222956,0.9212576441206214,-4.599509046816713,7.356504776870213
short_history_fallback,12,prophet_log_fourier4,100,1,15136.519618367767,-0.5402245088722466,-44.310622979747905,40.00789668497154
short_history_fallback,12,prophet_log_month_dummies,100,1,674723.6090880501,-65258.85410103441,-1148.5425634061162,1783.3870086323539
