series,run_id,mo,homonym
5,22,Тихвинский муниципальный район,False
10,72,Панкрушихинский муниципальный район,False
16,95,Сосновоборский муниципальный район,False
31,181,городской округ город Выкса,False
43,263,Череповецкий муниципальный район,False
55,345,городской округ Красноуральск,False
65,411,Романовский муниципальный район,True
78,489,Шовгеновский муниципальный район,False
97,610,Крапивинский муниципальный округ,False
144,874,городской округ город Красноярск,False
145,875,Николаевский муниципальный район,True
157,970,внутригородская территория города федерального значения муниципальный округ Измайлово,False
169,1034,Бурейский муниципальный округ,False
174,1051,Бугульминский муниципальный район,False
243,1504,Иглинский муниципальный район,False
267,1685,Тегульдетский муниципальный район,False
337,2204,Кузоватовский муниципальный район,False
342,2228,Александро-Невский муниципальный район,False
456,2941,Беловский муниципальный округ,False
505,3253,городской округ Киселевский,False
508,3271,внутригородская территория города федерального значения муниципальный округ Восточное Измайлово,False
517,3327,Усть-Калманский муниципальный район,False
530,3433,Мегино-Кангаласский муниципальный район,False
537,3446,внутригородская территория города федерального значения муниципальный округ Бескудниковский,False
585,3789,Нагайбакский муниципальный район,False
591,3809,Казанский муниципальный район,False
616,4026,Муслюмовский муниципальный район,False
643,4261,внутригородская территория города федерального значения муниципальный округ Выхино-Жулебино,False
658,4315,внутригородская территория города федерального значения город Ломоносов,False
677,4405,внутригородская территория города федерального значения муниципальный округ Беговой,False
714,4604,внутригородская территория города федерального значения муниципальный округ Крюково,False
745,4803,Ковдорский муниципальный округ,False
748,4833,городской округ Туринский,False
755,4871,муниципальный округ Ординский,False
759,4879,Богучанский муниципальный район,False
765,4931,Залегощенский муниципальный район,False
770,4988,Камышлинский муниципальный район,False
785,5055,городской округ Новокуйбышевск,False
789,5087,Кондопожский муниципальный район,False
826,5334,городской округ город Алейск,False
841,5401,Краснокамский муниципальный район,False
907,5773,городской округ город Владимир,False
940,5988,городской округ город Черногорск,False
966,6155,Архаринский муниципальный округ,False
971,6190,городской округ город Ижевск,False
980,6248,городской округ Одинцовский,False
1010,6515,Краснокутский муниципальный район,False
1031,6670,Октябрьский муниципальный район,True
1043,6743,Кадуйский муниципальный округ,False
1051,6809,Белорецкий муниципальный район,False
1056,6850,внутригородская территория города федерального значения муниципальный округ Савеловский,False
1060,6891,внутригородская территория города федерального значения поселение Кокошкино,False
1077,6974,Хангаласский муниципальный район,False
1083,7031,Завитинский муниципальный округ,False
1141,7353,Тюменцевский муниципальный район,False
1147,7397,Зианчуринский муниципальный район,False
1170,7564,муниципальный округ Кочевский,False
1189,7678,Лаишевский муниципальный район,False
1209,7802,городской округ город Слободской,False
1221,7856,внутригородская территория города федерального значения муниципальный округ Балканский,False
1222,7857,городской округ город Яровое,False
1251,8041,Дзун-Хемчикский муниципальный район,False
1253,8063,внутригородская территория города федерального значения поселение Новофедоровское,False
1271,8182,Хвастовичский муниципальный район,False
1285,8270,Демидовский муниципальный район,False
1300,8374,Поспелихинский муниципальный район,False
1315,8475,городской округ Кушвинский,False
1343,8707,муниципальный округ Кикнурский,False
1353,8796,Кигинский муниципальный район,False
1361,8910,Балтасинский муниципальный район,False
1393,9096,муниципальный округ Шарканский район,False
1409,9204,внутригородская территория города федерального значения город Кронштадт,False
1419,9276,городской округ Чебаркульский,False
1431,9419,Шарангский муниципальный округ,False
1436,9435,Упоровский муниципальный район,False
1439,9457,Бирилюсский муниципальный район,False
1487,9774,городской округ Егорьевск,False
1502,9879,городской округ город Кедровый,False
1525,10076,внутригородская территория города федерального значения муниципальный округ Бирюлево Западное,False
1566,10353,Питерский муниципальный район,False
1581,10457,городской округ город Первомайск,False
1586,10472,Даниловский муниципальный район,True
1630,10761,внутригородская территория города федерального значения муниципальный округ Раменки,False
1648,10861,Никольский муниципальный район,False
1661,10917,городской округ Лыткарино,False
1665,10952,городской округ Анивский,False
1678,11023,Николаевский муниципальный район,True
1683,11047,внутригородская территория города федерального значения муниципальный округ Восточный,False
1733,11374,внутригородская территория города федерального значения муниципальный округ № 21,False
1759,11575,Ковылкинский муниципальный район,False
1771,11647,внутригородская территория города федерального значения муниципальный округ Дмитровский,False
1787,11737,городской округ Осинниковский,False
1810,11906,Хайбуллинский муниципальный район,False
1862,12233,городской округ город Казань,False
1874,12298,Вешкаймский муниципальный район,False
1876,12303,городской округ Советский,False
1934,12636,Облученский муниципальный район,False
1964,12842,Парфинский муниципальный район,False
1990,12986,Кировский муниципальный район,True
2015,13139,муниципальный округ Зеленоградский,False
