task,method,month,origin,AP,precision_at_2pct,true_positives_at_2pct,positives
detect,jump,12,2024-01-01,0.4746935228005251,0.5,20,79
detect,jump,13,2024-02-01,0.48130199130062445,0.675,27,74
detect,jump,14,2024-03-01,0.5469832424436287,0.65,26,75
detect,jump,15,2024-04-01,0.3749459336578394,0.375,15,45
detect,jump,16,2024-05-01,0.4367083605793785,0.45,18,40
detect,jump,17,2024-06-01,0.5357526052552539,0.45,18,35
detect,jump,18,2024-07-01,0.469517784150223,0.45,18,36
detect,jump,19,2024-08-01,0.35311229934629834,0.4,16,30
detect,jump,20,2024-09-01,0.2508205246318712,0.225,9,29
detect,jump,21,2024-10-01,0.32917692435223556,0.325,13,34
detect,logistic_base,12,2024-01-01,0.4346079300389582,0.6,24,79
detect,logistic_base,13,2024-02-01,0.4746610668333646,0.575,23,74
detect,logistic_base,14,2024-03-01,0.6300531228921354,0.825,33,75
detect,logistic_base,15,2024-04-01,0.4794599668924064,0.475,19,45
detect,logistic_base,16,2024-05-01,0.5779274727603398,0.525,21,40
detect,logistic_base,17,2024-06-01,0.6346289060839443,0.6,24,35
detect,logistic_base,18,2024-07-01,0.5932412644030527,0.6,24,36
detect,logistic_base,19,2024-08-01,0.48375795896862256,0.425,17,30
detect,logistic_base,20,2024-09-01,0.31307322147572597,0.35,14,29
detect,logistic_base,21,2024-10-01,0.4259768636319649,0.475,19,34
detect,logistic_graph,12,2024-01-01,0.4375741256278629,0.575,23,79
detect,logistic_graph,13,2024-02-01,0.4606765321047713,0.575,23,74
detect,logistic_graph,14,2024-03-01,0.6507391942940544,0.8,32,75
detect,logistic_graph,15,2024-04-01,0.4650357858257758,0.45,18,45
detect,logistic_graph,16,2024-05-01,0.5788558978463405,0.525,21,40
detect,logistic_graph,17,2024-06-01,0.6227033249952011,0.575,23,35
detect,logistic_graph,18,2024-07-01,0.5848474945740206,0.525,21,36
detect,logistic_graph,19,2024-08-01,0.46622605078399965,0.425,17,30
detect,logistic_graph,20,2024-09-01,0.3117016842662044,0.35,14,29
detect,logistic_graph,21,2024-10-01,0.4296286256815295,0.45,18,34
detect,logistic_permuted_graph,12,2024-01-01,0.4387515244577841,0.6,24,79
detect,logistic_permuted_graph,13,2024-02-01,0.47263838660807034,0.575,23,74
detect,logistic_permuted_graph,14,2024-03-01,0.6451341591912426,0.8,32,75
detect,logistic_permuted_graph,15,2024-04-01,0.45576621286713553,0.45,18,45
detect,logistic_permuted_graph,16,2024-05-01,0.5952982995298397,0.525,21,40
detect,logistic_permuted_graph,17,2024-06-01,0.6235265467480604,0.575,23,35
detect,logistic_permuted_graph,18,2024-07-01,0.5905494738443097,0.6,24,36
detect,logistic_permuted_graph,19,2024-08-01,0.4642313300713523,0.4,16,30
detect,logistic_permuted_graph,20,2024-09-01,0.31516180457578474,0.375,15,29
detect,logistic_permuted_graph,21,2024-10-01,0.4186241331281655,0.45,18,34
detect,neighbor_jump,12,2024-01-01,0.060328146371588946,0.1,4,79
detect,neighbor_jump,13,2024-02-01,0.050278202057285025,0.05,2,74
detect,neighbor_jump,14,2024-03-01,0.057586827174825515,0.125,5,75
detect,neighbor_jump,15,2024-04-01,0.05816783919901359,0.075,3,45
detect,neighbor_jump,16,2024-05-01,0.038970864665029296,0.075,3,40
detect,neighbor_jump,17,2024-06-01,0.03628454328639417,0.1,4,35
detect,neighbor_jump,18,2024-07-01,0.030743256802760497,0.025,1,36
detect,neighbor_jump,19,2024-08-01,0.0156342882067927,0.0,0,30
detect,neighbor_jump,20,2024-09-01,0.019023408658867015,0.0,0,29
detect,neighbor_jump,21,2024-10-01,0.01884367977799406,0.025,1,34
predict,jump,14,2024-03-01,0.07935487604814313,0.125,5,35
predict,jump,15,2024-04-01,0.053337014760741625,0.125,5,36
predict,jump,16,2024-05-01,0.05845954475093369,0.1,4,30
predict,jump,17,2024-06-01,0.048653871385183095,0.05,2,29
predict,jump,18,2024-07-01,0.07187036591709718,0.125,5,34
predict,logistic_base,14,2024-03-01,0.03888262797061549,0.075,3,35
predict,logistic_base,15,2024-04-01,0.026167311301143678,0.0,0,36
predict,logistic_base,16,2024-05-01,0.02073279852588117,0.0,0,30
predict,logistic_base,17,2024-06-01,0.03262838532394943,0.05,2,29
predict,logistic_base,18,2024-07-01,0.03980131334034819,0.025,1,34
predict,logistic_graph,14,2024-03-01,0.032469306355760744,0.05,2,35
predict,logistic_graph,15,2024-04-01,0.03014204975236128,0.05,2,36
predict,logistic_graph,16,2024-05-01,0.021116918042317946,0.0,0,30
predict,logistic_graph,17,2024-06-01,0.034136596900597414,0.025,1,29
predict,logistic_graph,18,2024-07-01,0.03962411798093476,0.025,1,34
predict,logistic_permuted_graph,14,2024-03-01,0.04819862305998717,0.125,5,35
predict,logistic_permuted_graph,15,2024-04-01,0.029362365857839676,0.05,2,36
predict,logistic_permuted_graph,16,2024-05-01,0.022345853186098608,0.025,1,30
predict,logistic_permuted_graph,17,2024-06-01,0.03765467387156042,0.05,2,29
predict,logistic_permuted_graph,18,2024-07-01,0.034659654363231845,0.025,1,34
predict,neighbor_jump,14,2024-03-01,0.023997510334912136,0.05,2,35
predict,neighbor_jump,15,2024-04-01,0.02094500919324426,0.0,0,36
predict,neighbor_jump,16,2024-05-01,0.020140457616530372,0.025,1,30
predict,neighbor_jump,17,2024-06-01,0.017858725659233545,0.025,1,29
predict,neighbor_jump,18,2024-07-01,0.018479692970014762,0.0,0,34
