task,method,budget_pct,n_rows,positives,AP,base_rate,precision,recall,true_positives,false_positives,false_alarms_per_100,events_with_full_warning_window,events_warned,event_recall,median_lead_months
detect,jump,1,20160,477,0.40653292795984736,0.023660714285714285,0.53,0.2222222222222222,106,94,0.4662698412698413,,,,
detect,jump,2,20160,477,0.40653292795984736,0.023660714285714285,0.45,0.37735849056603776,180,220,1.0912698412698412,,,,
detect,jump,5,20160,477,0.40653292795984736,0.023660714285714285,0.314,0.6582809224318659,314,686,3.4027777777777777,,,,
detect,logistic_base,1,20160,477,0.4655454369746445,0.023660714285714285,0.615,0.2578616352201258,123,77,0.3819444444444444,,,,
detect,logistic_base,2,20160,477,0.4655454369746445,0.023660714285714285,0.545,0.4570230607966457,218,182,0.9027777777777778,,,,
detect,logistic_base,5,20160,477,0.4655454369746445,0.023660714285714285,0.343,0.7190775681341719,343,657,3.2589285714285716,,,,
detect,logistic_graph,1,20160,477,0.4656658177621127,0.023660714285714285,0.61,0.2557651991614256,122,78,0.3869047619047619,,,,
detect,logistic_graph,2,20160,477,0.4656658177621127,0.023660714285714285,0.525,0.44025157232704404,210,190,0.9424603174603174,,,,
detect,logistic_graph,5,20160,477,0.4656658177621127,0.023660714285714285,0.338,0.7085953878406709,338,662,3.2837301587301586,,,,
detect,logistic_permuted_graph,1,20160,477,0.4592812792879579,0.023660714285714285,0.6,0.25157232704402516,120,80,0.3968253968253968,,,,
detect,logistic_permuted_graph,2,20160,477,0.4592812792879579,0.023660714285714285,0.535,0.44863731656184486,214,186,0.9226190476190477,,,,
detect,logistic_permuted_graph,5,20160,477,0.4592812792879579,0.023660714285714285,0.339,0.710691823899371,339,661,3.2787698412698414,,,,
detect,neighbor_jump,1,20160,477,0.03366969328100848,0.023660714285714285,0.065,0.027253668763102725,13,187,0.9275793650793651,,,,
detect,neighbor_jump,2,20160,477,0.03366969328100848,0.023660714285714285,0.0575,0.04821802935010482,23,377,1.8700396825396826,,,,
detect,neighbor_jump,5,20160,477,0.03366969328100848,0.023660714285714285,0.043,0.09014675052410902,43,957,4.747023809523809,,,,
predict,jump,1,10080,164,0.055164920113704254,0.01626984126984127,0.11,0.06707317073170732,11,89,0.8829365079365079,30.0,3.0,0.1,1.0
predict,jump,2,10080,164,0.055164920113704254,0.01626984126984127,0.105,0.12804878048780488,21,179,1.7757936507936507,30.0,7.0,0.23333333333333334,1.0
predict,jump,5,10080,164,0.055164920113704254,0.01626984126984127,0.066,0.20121951219512196,33,467,4.632936507936508,30.0,10.0,0.3333333333333333,2.5
predict,logistic_base,1,10080,164,0.026411159090496978,0.01626984126984127,0.05,0.03048780487804878,5,95,0.9424603174603174,30.0,2.0,0.06666666666666667,2.0
predict,logistic_base,2,10080,164,0.026411159090496978,0.01626984126984127,0.03,0.036585365853658534,6,194,1.9246031746031746,30.0,2.0,0.06666666666666667,2.0
predict,logistic_base,5,10080,164,0.026411159090496978,0.01626984126984127,0.032,0.0975609756097561,16,484,4.801587301587301,30.0,5.0,0.16666666666666666,3.0
predict,logistic_graph,1,10080,164,0.026626845617889607,0.01626984126984127,0.04,0.024390243902439025,4,96,0.9523809523809523,30.0,1.0,0.03333333333333333,2.0
predict,logistic_graph,2,10080,164,0.026626845617889607,0.01626984126984127,0.03,0.036585365853658534,6,194,1.9246031746031746,30.0,2.0,0.06666666666666667,2.5
predict,logistic_graph,5,10080,164,0.026626845617889607,0.01626984126984127,0.03,0.09146341463414634,15,485,4.811507936507937,30.0,7.0,0.23333333333333334,3.0
predict,logistic_permuted_graph,1,10080,164,0.028824025022973623,0.01626984126984127,0.07,0.042682926829268296,7,93,0.9226190476190477,30.0,3.0,0.1,3.0
predict,logistic_permuted_graph,2,10080,164,0.028824025022973623,0.01626984126984127,0.055,0.06707317073170732,11,189,1.875,30.0,4.0,0.13333333333333333,3.0
predict,logistic_permuted_graph,5,10080,164,0.028824025022973623,0.01626984126984127,0.034,0.10365853658536585,17,483,4.791666666666667,30.0,6.0,0.2,3.0
predict,neighbor_jump,1,10080,164,0.018432000002852396,0.01626984126984127,0.02,0.012195121951219513,2,98,0.9722222222222222,30.0,0.0,0.0,
predict,neighbor_jump,2,10080,164,0.018432000002852396,0.01626984126984127,0.02,0.024390243902439025,4,196,1.9444444444444444,30.0,1.0,0.03333333333333333,2.0
predict,neighbor_jump,5,10080,164,0.018432000002852396,0.01626984126984127,0.016,0.04878048780487805,8,492,4.880952380952381,30.0,2.0,0.06666666666666667,2.0
