regime,h,model,baseline,MAE_reduction_pct,MAE_difference_rub,months_better,months_total,municipalities_better_pct,descriptive_month_bootstrap_lo,descriptive_month_bootstrap_hi
main,1,seasonal_naive,prophet_auto,-175.32210026468897,2766.609651496132,0,10,2.0337301587301586,1968.952450373107,3402.081489378955
main,1,v3,prophet_auto,43.37728208613771,-684.5001690830716,8,10,97.42063492063492,-1540.9570454160082,-47.949038897731604
main,1,v3_hedge,prophet_auto,52.522177121964056,-828.8080163529797,9,10,98.21428571428571,-1656.5069359235588,-241.72243496617128
main,1,v4_diversified,prophet_auto,48.33072415492355,-762.6662452077599,9,10,98.16468253968253,-1602.4945503029123,-139.0382469667895
main,1,seasonal_naive,prophet_log_fourier4,-162.53359375166823,2689.7415475951993,0,10,1.8849206349206349,1999.8773889546544,3277.8565230339173
main,1,v3,prophet_log_fourier4,46.00736516385,-761.3682729840044,8,10,98.95833333333334,-1452.2132056815653,-121.9882702521902
main,1,v3_hedge,prophet_log_fourier4,54.727486635861,-905.6761202539125,8,10,99.40476190476191,-1546.3641635784636,-338.337992030475
main,1,v4_diversified,prophet_log_fourier4,50.73072353758326,-839.5343491086927,8,10,99.35515873015873,-1511.1824617403681,-236.8013722046349
main,1,seasonal_naive,prophet_log_month_dummies,-292.26927314275116,3237.0631037566136,0,10,0.6448412698412698,2998.4074349085536,3446.4254161256054
main,1,v3,prophet_log_month_dummies,19.32593722739926,-214.04671682258947,9,10,78.67063492063492,-320.0686134888285,-63.53626729017921
main,1,v3_hedge,prophet_log_month_dummies,32.355262970670985,-358.3545640924976,10,10,92.95634920634922,-442.4016281660884,-278.3168968632328
main,1,v4_diversified,prophet_log_month_dummies,26.38342777396021,-292.21279294727776,9,10,86.80555555555556,-368.33301520026214,-181.28650628454574
main,3,seasonal_naive,prophet_auto,-134.4582000275211,2500.156330574975,0,8,3.4722222222222223,1789.5903324639057,3096.3061404121936
main,3,v3,prophet_auto,37.16870708634962,-691.1261514894845,6,8,94.29563492063492,-1544.9724998263996,86.20280785482302
main,3,v3_hedge,prophet_auto,43.565097889159155,-810.0625715456997,6,8,96.57738095238095,-1625.6939491763148,-160.93340053956365
main,3,v4_diversified,prophet_auto,40.86189935297563,-759.7984825451257,6,8,96.08134920634922,-1606.3713207661635,-36.221996551005724
main,3,seasonal_naive,prophet_log_fourier4,-144.85840186390578,2579.134421051128,0,8,2.8273809523809526,2007.3081064891041,3041.320871726114
main,3,v3,prophet_log_fourier4,34.38160845697232,-612.1480610133318,6,8,92.7579365079365,-1143.0585939682153,-92.50168792158345
main,3,v3_hedge,prophet_log_fourier4,41.06173322756719,-731.0844810695471,7,8,95.13888888888889,-1192.0360437543497,-309.6685217340539
main,3,v4_diversified,prophet_log_fourier4,38.238625000117466,-680.8203920689732,7,8,94.19642857142857,-1172.396795007851,-207.801033435087
main,3,seasonal_naive,prophet_log_month_dummies,-101.57708211971092,2196.8473340735595,0,8,6.746031746031746,1856.465937304562,2545.0952092485572
main,3,v3,prophet_log_month_dummies,45.98035517693203,-994.4351479909004,8,8,88.44246031746032,-1193.5140810387868,-802.006208850595
main,3,v3_hedge,prophet_log_month_dummies,51.47969703819495,-1113.3715680471157,8,8,93.84920634920636,-1321.494079002756,-889.2827273167907
main,3,v4_diversified,prophet_log_month_dummies,49.15560313467532,-1063.1074790465414,8,8,91.71626984126983,-1252.2754068106149,-864.4080614955345
main,6,seasonal_naive,prophet_auto,-93.18066784807233,2049.429134774289,0,5,5.902777777777778,1188.573396687125,2759.3783025771518
main,6,v3,prophet_auto,40.0318195270607,-880.4656497048462,5,5,90.72420634920636,-2017.3092545994355,-167.59639512589567
main,6,v3_hedge,prophet_auto,43.481417041078466,-956.3365981723958,5,5,92.70833333333334,-1997.3425729467083,-329.72474776343375
main,6,v4_diversified,prophet_auto,41.68130782897923,-916.7447348572839,5,5,91.96428571428571,-1987.5602015985664,-256.3572874063442
main,6,seasonal_naive,prophet_log_fourier4,-95.42951753365728,2074.7382728474017,0,5,7.192460317460317,1499.4173393251556,2532.3751519931366
main,6,v3,prophet_log_fourier4,39.33371952925071,-855.1565116317337,4,5,92.01388888888889,-1512.9481233013607,-219.39283902648907
main,6,v3_hedge,prophet_log_fourier4,42.82347440669003,-931.0274600992836,5,5,93.75,-1454.761169927875,-463.3228802907628
main,6,v4_diversified,prophet_log_fourier4,41.00240981080038,-891.4355967841714,4,5,93.00595238095238,-1479.0257135133563,-302.4029368066043
main,6,seasonal_naive,prophet_log_month_dummies,-1.5792563485661493,66.05692491541376,2,5,38.69047619047619,-888.9324931898525,1021.0463430206803
main,6,v3,prophet_log_month_dummies,68.46722166936247,-2863.837859563722,5,5,93.89880952380952,-3397.7331853564056,-2329.942533771037
main,6,v3_hedge,prophet_log_month_dummies,70.28110684782851,-2939.7088080312715,5,5,96.37896825396825,-3635.3307082321603,-2244.0869078303813
main,6,v4_diversified,prophet_log_month_dummies,69.33456412619836,-2900.116944716159,5,5,95.18849206349206,-3501.9241318011873,-2298.30975763113
short_history_fallback,12,seasonal_naive,prophet_auto,-62.15847527649021,1802.9922031496772,0,1,30.059523809523807,1802.9922031496772,1802.9922031496772
short_history_fallback,12,national_yoy_fallback,prophet_auto,51.1791739549504,-1484.5224435438718,1,1,69.19642857142857,-1484.5224435438718,-1484.5224435438718
short_history_fallback,12,seasonal_naive,prophet_log_fourier4,68.6795127755115,-10314.112026275392,1,1,93.40277777777779,-10314.112026275392,-10314.112026275392
short_history_fallback,12,national_yoy_fallback,prophet_log_fourier4,90.57038458319397,-13601.626672968941,1,1,98.56150793650794,-13601.626672968941,-13601.626672968941
short_history_fallback,12,seasonal_naive,prophet_log_month_dummies,97.26341158516838,-167175.7047187666,1,1,88.19444444444444,-167175.7047187666,-167175.7047187666
short_history_fallback,12,national_yoy_fallback,prophet_log_month_dummies,99.17609914172175,-170463.21936546013,1,1,96.18055555555556,-170463.21936546013,-170463.21936546013
