run_id,mo,date,url,title,link_method,planned_language
2246,городской округ Балтийский,2023-05-24,https://ria.ru/20230524/zavod-1873905860.html,Новый вагоноремонтный завод открылся в Ленинградской области,unique_exact_core_unverified,False
4106,Мариинский муниципальный округ,2023-06-08,https://www.e1.ru/text/job/2023/06/08/72382634/,На Урале 83 горняка отказались подниматься из шахты,unique_exact_core_unverified,False
12864,городской округ город Владикавказ,2023-06-18,https://15.mchs.gov.ru/deyatelnost/press-centr/operativnaya-informaciya/5042705,На территории города Владикавказ введен режим ЧС,unique_exact_core_unverified,False
931,Курский муниципальный округ,2023-06-23,https://lenta.ru/news/2023/06/23/oblomki/,Курский губернатор рассказал о последствиях падения беспилотников,unique_exact_core_unverified,False
7705,городской округ Воскресенск,2023-07-15,https://stroygaz.ru/publication/materials/probuzhdenie-giganta-sostoyalos-torzhestvennoe-otkrytie-zavoda-kompanii-tsementum-v-voskresenske/,Пробуждение «Гиганта»: состоялось торжественное открытие завода компании ЦЕМЕНТУМ в Воскресенске,unique_exact_core_unverified,False
1542,Краснооктябрьский муниципальный округ,2023-08-17,https://v1.ru/text/gorod/2023/08/17/72608081/,В Волгограде запускают воду после крупной коммунальной аварии,unique_exact_core_unverified,False
6190,городской округ город Ижевск,2023-08-18,https://iz.ru/1561101/2023-08-18/avtovaz-snial-s-proizvodstva-universal-lada-largus-v-toliatti,АвтоВАЗ снял с производства универсал Lada Largus в Тольятти,unique_exact_core_unverified,False
144,городской округ город Саратов,2023-09-19,https://om-saratov.ru/economy/19-september-2023-i132811-v-saratove-priznan-bankr,В Саратове признан банкротом аккумуляторный завод с 90-летней историей,unique_exact_core_unverified,False
2969,городской округ Спасск-Дальний,2023-09-20,https://vladnews.ru/2023-09-20/225167/rezhim_regionalnogo,Режим ЧС регионального характера ввели в Кировском муниципальном районе,unique_exact_core_unverified,False
9885,внутригородская территория города федерального значения муниципальный округ Некрасовка,2023-10-18,https://meduza.io/news/2023/10/18/na-vostoke-moskvy-otkryli-raketnyy-zavod-ryadom-s-zhilymi-domami,На востоке Москвы открыли ракетный завод — в 500 метрах от жилых домов — Meduza,unique_exact_core_unverified,False
5402,городской округ город Агидель,2023-10-23,https://ufa.mk.ru/economics/2023/10/23/v-bashkirii-otkryli-belorusskoe-proizvodstvo-selskokhozyaystvennykh-mashin.html,В Башкирии открыли белорусское производство сельскохозяйственных машин - МК Уфа,unique_exact_core_unverified,True
5860,Уфимский муниципальный район,2023-10-23,https://ufa.mk.ru/economics/2023/10/23/v-bashkirii-otkryli-belorusskoe-proizvodstvo-selskokhozyaystvennykh-mashin.html,В Башкирии открыли белорусское производство сельскохозяйственных машин - МК Уфа,unique_exact_core_unverified,True
9156,городской округ город Екатеринбург,2023-10-23,https://eanews.ru/ekaterinburg/20231023210057/masshtabnoe-otklyuchenie-elektroenergii-proizoshlo-na-vize-ekaterinburga,Масштабное отключение электроэнергии произошло на ВИЗе Екатеринбурга | РИА «Европейско-Азиатские Новости» от 23.10.2023,unique_exact_core_unverified,False
6221,внутригородская территория города федерального значения муниципальный округ № 15,2023-10-27,https://www.cheboksary.ru/chuv/132663_chrezvychajnaja_situatsija_priznana_na_territorii_12_munitsipalnyh_okrugov_chuvashskoj_respubliki.htm,Чрезвычайная ситуация признана на территории 12 муниципальных округов Чувашской Республики - Новости Чувашии,unique_exact_core_unverified,False
2921,городской округ город Хабаровск,2023-11-20,https://vestidv.ru/news/2023/11/20/71125,"Около 150 домов в центре Хабаровска остались без горячей воды и отопления - Новости Хабаровска и края, 20.11.2023 - ГТРК Дальневосточная",unique_exact_core_unverified,True
4772,Омский муниципальный район,2023-11-29,https://omskinform.ru/news/184439,На «Омском каучуке» началось строительство комплекса по производству олефинов,unique_exact_core_unverified,False
2860,внутригородская территория города федерального значения муниципальный округ Косино-Ухтомский,2023-11-29,https://mskrnews.ru/2023/11/29/v-stolice-otkrylsja-rybnyj-megarynok-moskva-na-volne-sobjanin/,В столице открылся рыбный мегарынок «Москва — на волне» — Собянин - Новости столичного региона,unique_exact_core_unverified,False
12329,городской округ Самара,2023-12-13,https://www.samara.kp.ru/daily/27593/4865354/,"Перекрыли дорогу, молят о помощи: в Самаре жители поселка на несколько дней остались без тепла и света - KP.RU",unique_exact_core_unverified,False
6190,городской округ город Ижевск,2023-12-15,https://avtosreda.ru/news-company/VIzhevskenachalosproizvodstvoelektricheskogoLADALargus/,В Ижевске началось производство электрического LADA Largus,unique_exact_core_unverified,False
8392,Горьковский муниципальный район,2023-12-23,https://www.5-tv.ru/news/462339/vsu-atakovali-dronomkamikadze-pomostu-srabocimi-vbelgorodskoj-oblasti/,Дрон-камикадзе ударил по мосту с рабочими в Белгородской области | Новости России,unique_exact_core_unverified,False
5538,городской округ город Ярославль,2023-12-26,https://ria.ru/20231226/elektrichestvo-1918337625.html,"В нескольких районах Ярославской области ввели режим ЧС - РИА Новости, 26.12.2023",unique_exact_core_unverified,False
5246,внутригородская территория города федерального значения муниципальный округ Нижегородский,2024-01-14,https://www.kommersant.ru/doc/6453337,ЛУКОЙЛ остановил продажу АИ-95 из-за санкций,unique_exact_core_unverified,False
9862,городской округ город Орёл,2024-01-24,https://spektr.press/news/2024/01/24/v-orle-pri-atake-bespilotnikov-postradali-mnogoetazhnye-doma/,В Орле при атаке беспилотников повреждены многоэтажные дома Спектр,unique_exact_core_unverified,False
9862,городской округ город Орёл,2024-01-24,https://lenta.ru/news/2024/01/24/orel-atakovali-drony-vsu-povrezhdeny-zhilye-doma/,Атака беспилотников ВСУ на Орёл 24 января: что известно: Общество: Россия: Lenta.ru,unique_exact_core_unverified,False
5523,городской округ город Калининград,2024-01-25,https://ria.ru/20240125/putin-1923487157.html,"Путин открыл в Калининградской области предприятие по солнечной энергетике - РИА Новости, 25.01.2024",unique_exact_core_unverified,False
5773,городской округ город Владимир,2024-01-25,https://ria.ru/20240125/putin-1923487157.html,"Путин открыл в Калининградской области предприятие по солнечной энергетике - РИА Новости, 25.01.2024",unique_exact_core_unverified,False
10625,городской округ город Тюмень,2024-01-26,https://ria.ru/20240126/zavod-1923643578.html,"В Тюмени запустили завод по выпуску особо прочных труб для ТЭК - РИА Новости, 26.01.2024",unique_exact_core_unverified,False
3901,внутригородская территория города федерального значения муниципальный округ Ржевка,2024-02-08,https://lenta.ru/news/2024/02/08/vsu-atakovali-avtobus-s-mirnymi-zhitelyami-i-obstrelyali-selo-pod-belgorodom-est-postradavshie/,"Украинский дрон-камикадзе атаковал автобус под Белгородом: что известно, пострадавшие: Общество: Россия: Lenta.ru",unique_exact_core_unverified,False
134,городской округ город Нижний Новгород,2024-02-09,https://ria.ru/20240209/korm-1926510546.html,"В Мордовии запустили завод по производству кормов для животных - РИА Новости, 09.02.2024",unique_exact_core_unverified,False
647,городской округ город Иркутск,2024-02-20,https://ria.ru/20240220/priangare-1928517875.html,"В Приангарье подтопило дома из-за ледостава на реке Куда - РИА Новости, 20.02.2024",unique_exact_core_unverified,False
647,городской округ город Иркутск,2024-02-21,https://irk.aif.ru/incidents/opasnyy_zud_v_rayonah_irkutskoy_oblasti_vvodyat_rezhim_chrezvychaynoy_situacii,Опасный ЗУД. В районах Иркутской области вводят режим чрезвычайной ситуации | АиФ Иркутск,unique_exact_core_unverified,False
5773,городской округ город Владимир,2024-02-21,https://irk.aif.ru/incidents/opasnyy_zud_v_rayonah_irkutskoy_oblasti_vvodyat_rezhim_chrezvychaynoy_situacii,Опасный ЗУД. В районах Иркутской области вводят режим чрезвычайной ситуации | АиФ Иркутск,unique_exact_core_unverified,False
7415,городской округ Челябинский,2024-02-22,https://eanews.ru/rossiya/20240222142000/antipovu-vezhlivo-nameknuli-iskom-pochemu-na-chemk-ostanovili-proizvodstvo-elektrodov,«Антипову вежливо намекнули иском»: почему на ЧЭМК остановили производство электродов | РИА «Европейско-Азиатские Новости» от 22.02.2024,unique_exact_core_unverified,True
22,Тихвинский муниципальный район,2024-02-29,https://newprospect.ru/news/aktualno-segodnya/tikhvinskiy-ferrosplavnyy-zavod-v-lenoblasti-ukhodit-v-prostoy-do-1-aprelya/,Тихвинский ферросплавный завод в Ленобласти уходит в простой до 1 апреля,unique_exact_core_unverified,True
22,Тихвинский муниципальный район,2024-03-01,https://47news.ru/articles/246317/,Ферросплавный завод уходит в простой в Тихвине с 1 марта 2024 г. -- 29 февраля 2024 › Статьи ›  47новостей из Ленинградской области,unique_exact_core_unverified,True
22,Тихвинский муниципальный район,2024-03-20,https://newprospect.ru/news/aktualno-segodnya/tikhvinskiy-ferrosplavnyy-zavod-vyshel-iz-prostoya-na-dve-nedeli-ranshe-sroka/,Тихвинский ферросплавный завод вышел из простоя на две недели раньше срока,unique_exact_core_unverified,False
5001,городской округ город Архангельск,2024-03-21,https://29.ru/text/gorod/2024/03/21/73360847/,Более 400 домов отключили от тепла: в Архангельске произошла авария на теплосетях - 21 марта 2024 | 29.ру,unique_exact_core_unverified,False
8990,городской округ город Биробиджан,2024-03-21,https://riabir.ru/425055/,"Более 1,2 тысячи человек остались без тепла и горячей воды из-за аварии в Биробиджане | РИА Биробиджан",unique_exact_core_unverified,False
10816,внутригородская территория города федерального значения муниципальный округ Кузьминки,2024-03-28,https://www.retail.ru/news/v-moskve-otkrylsya-torgovyy-tsentr-kuzminki-moll-ploshchadyu-70-tys-kv-metrov-28-marta-2024-239232/,В Москве открылся торговый центр «Кузьминки Молл» площадью 70 000 кв. метров –  Новости ритейла и розничной торговли | Retail.ru,unique_exact_core_unverified,True
5885,городской округ город Оренбург,2024-03-28,https://selskievesti.ru/2024/03/28/vchera-v-posyolke-berdy-orenburga-iz-za-podtopleniya-domov-vveli-rezhim-povyshennoj-gotovnosti/,Вчера в посёлке Берды Оренбурга из-за подтопления домов ввели режим повышенной готовности - Сельские вести,unique_exact_core_unverified,False
5885,городской округ город Оренбург,2024-03-29,https://www.interfax-russia.ru/index.php/volga/news/gorod-v-orenburzhe-ostalsya-bez-vody-i-tepla-iz-za-kommunalnoy-avarii,Город в Оренбуржье остался без воды и тепла из-за коммунальной аварии - Поволжье || Интерфакс Россия,unique_exact_core_unverified,False
10280,Сакмарский муниципальный район,2024-03-29,https://www.interfax-russia.ru/index.php/volga/news/gorod-v-orenburzhe-ostalsya-bez-vody-i-tepla-iz-za-kommunalnoy-avarii,Город в Оренбуржье остался без воды и тепла из-за коммунальной аварии - Поволжье || Интерфакс Россия,unique_exact_core_unverified,False
8481,городской округ город Орск,2024-04-06,https://www.bbc.com/russian/articles/cd101l2pydno,"В Орске из-за паводка прорвало дамбу. Зона затопления расширяется, идет массовая эвакуация - BBC News Русская служба",unique_exact_core_unverified,False
11133,Приморский муниципальный округ,2024-04-18,https://www.interfax-russia.ru/far-east/news/avariya-ostavila-bez-tepla-bolee-50-tys-zhiteley-ussuriyska,Авария оставила без тепла более 50 тыс. жителей Уссурийска - Дальний Восток || Интерфакс Россия,unique_exact_core_unverified,False
5773,городской округ город Владимир,2024-04-22,https://www.dialog.ua/business/293670_1713789967,В России начинают закрывать крупные заводы: санкции заставили Москву идти на экстренную меру | Диалог.UA,unique_exact_core_unverified,False
5773,городской округ город Владимир,2024-04-23,https://www.press-line.ru/news/2024/04/prezident-nornikelya-priznal-chto-mednyj-zavod-v-norilske-budet-zakryt,"Президент «Норникеля» признал, что Медный завод в Норильске будет закрыт — ИА «Пресс-Лайн»",unique_exact_core_unverified,True
5773,городской округ город Владимир,2024-04-23,https://ru.themoscowtimes.com/2024/04/23/krupneishii-gorno-metallurgicheskii-holding-rossii-zakroet-zavod-pod-norilskom-iz-za-sanktsii-a128834,Крупнейший горно-металлургический холдинг России закроет завод под Норильском из-за санкций - Русская служба The Moscow Times,unique_exact_core_unverified,True
5538,городской округ город Ярославль,2024-04-24,https://ria.ru/20240424/obstrel-1942147901.html,"Украинские войска обстреляли населенные пункты в Курской области - РИА Новости, 24.04.2024",unique_exact_core_unverified,False
759,городской округ Красногорск,2024-04-24,https://www.interfax-russia.ru/center/novosti-podmoskovya/tekstilnuyu-fabriku-za-800-mln-rub-zapustili-v-podolskom-okruge,Текстильную фабрику за 800 млн руб. запустили в Подольском округе - Центр || Интерфакс Россия,unique_exact_core_unverified,False
7713,городской округ Подольск,2024-04-24,https://www.interfax-russia.ru/center/novosti-podmoskovya/tekstilnuyu-fabriku-za-800-mln-rub-zapustili-v-podolskom-okruge,Текстильную фабрику за 800 млн руб. запустили в Подольском округе - Центр || Интерфакс Россия,unique_exact_core_unverified,False
5773,городской округ город Владимир,2024-04-24,https://norilsk-news.ru/society/2024/04/24/18119.html,Олег Царёв: Глава «Норникеля» Владимир Потанин сообщил о планах переноса медеплавильного производства из Норильска в Китай - Лента новостей Норильска,unique_exact_core_unverified,True
5538,городской округ город Ярославль,2024-04-25,https://www.kommersant.ru/doc/6665726,В Угличе открылся музей сыроделия – Коммерсантъ Ярославль,unique_exact_core_unverified,False
874,городской округ город Красноярск,2024-04-26,https://www.kommersant.ru/doc/6666479,Key Point открыла в Новосибирской области крупнейший в регионе ЦОД – Коммерсантъ Красноярск,unique_exact_core_unverified,True
9260,городской округ город Омск,2024-05-14,https://omsk.top24.news/obshestvo/v-omskoj-oblasti-vveli-rezhim-chs-iz-za-pavodka-chto-izvestno-na-dannyj-moment/,В Омской области ввели режим ЧС из-за паводка — что известно на данный момент? • TOP24 • Омск,unique_exact_core_unverified,False
12740,городской округ город Ишим,2024-05-14,https://omsk.top24.news/obshestvo/v-omskoj-oblasti-vveli-rezhim-chs-iz-za-pavodka-chto-izvestno-na-dannyj-moment/,В Омской области ввели режим ЧС из-за паводка — что известно на данный момент? • TOP24 • Омск,unique_exact_core_unverified,False
134,городской округ город Нижний Новгород,2024-05-16,https://newsroom24.ru/news/promyshlennost/2024/news_280821/,«Гидромаш» прокомментировал жалобу на массовые увольнения сотрудников | Промышленность,unique_exact_core_unverified,False
9260,городской округ город Омск,2024-05-22,https://omsk.aif.ru/society/chs-federalnogo-urovnya-hocenko-voda-v-ust-ishime-poshla-na-ubyl,ЧС федерального уровня. Хоценко: вода в Усть-Ишиме пошла на убыль | АиФ Омск,unique_exact_core_unverified,True
11374,внутригородская территория города федерального значения муниципальный округ № 21,2024-05-22,https://omsk.aif.ru/society/chs-federalnogo-urovnya-hocenko-voda-v-ust-ishime-poshla-na-ubyl,ЧС федерального уровня. Хоценко: вода в Усть-Ишиме пошла на убыль | АиФ Омск,unique_exact_core_unverified,True
5035,городской округ Щёлково,2024-05-24,https://riamo.ru/news/ekonomika/vorobev-otkryl-tseh-po-proizvodstvu-himicheskih-sredstv-zaschity-rastenij-v-schelkove/,Воробьев открыл цех по производству химических средств защиты растений в Щелкове | РИАМО,unique_exact_core_unverified,False
7415,городской округ Челябинский,2024-05-24,https://glavk.news/articles/238412-rynok_otkazyvaet_roctehu_i_teksleru_v_perenose_zavoda_chemk_iz_cheljabinska,Рынок отказывает «Ростеху» и Текслеру в переносе завода ЧЭМК из Челябинска • ГЛАВК – главные новости со всего мира,unique_exact_core_unverified,False
846,городской округ город Якутск,2024-05-24,https://vecherniy.com/news/v_jakutii_pod_vodu_ushli_celye_derevni/2024-05-24-1802,В Якутии под воду ушли целые деревни - 24 Мая 2024 - Якутск Вечерний,unique_exact_core_unverified,False
1019,Намский муниципальный район,2024-05-24,https://vecherniy.com/news/v_jakutii_pod_vodu_ushli_celye_derevni/2024-05-24-1802,В Якутии под воду ушли целые деревни - 24 Мая 2024 - Якутск Вечерний,unique_exact_core_unverified,False
11243,городской округ город Ливны,2024-05-27,https://meduza.io/news/2024/05/27/v-orlovskoy-oblasti-bespilotniki-atakovali-azs-odin-pozharnyy-pogib-troe-raneny,"В Орловской области беспилотники атаковали АЗС. Один пожарный погиб, трое ранены — Meduza",unique_exact_core_unverified,False
5897,Ставропольский муниципальный район,2024-05-28,https://logistics.ru/upravlenie-logistikoy-i-kompaniey-skladirovanie/ozon-otkryvaet-novyy-fulfilment-centr-v-stavropole,Ozon открывает новый фулфилмент-центр в Ставрополье: создание 1000 рабочих мест и увеличение мощностей,unique_exact_core_unverified,True
12864,городской округ город Владикавказ,2024-05-31,https://www.interfax-russia.ru/index.php/south-and-north-caucasus/news/lenta-otkryla-pervyy-gipermarket-v-severnoy-osetii-vlasti,"""Лента"" открыла первый гипермаркет в Северной Осетии - власти - Юг и Северный Кавказ || Интерфакс Россия",unique_exact_core_unverified,False
12329,городской округ Самара,2024-06-06,https://ria.ru/20240606/polupritsepy-1951173449.html,"В Самарской области откроют завод по производству полуприцепов - РИА Новости, 07.06.2024",unique_exact_core_unverified,False
2222,городской округ город Курган,2024-06-14,https://www.interfax-russia.ru/ural/main/kurgan-i-blizhayshie-mikrorayony-ostalis-bez-vody-v-30-gradusnuyu-zharu,Курган и ближайшие микрорайоны остались без воды в 30-градусную жару - Урал || Интерфакс Россия,unique_exact_core_unverified,True
2874,городской округ город Нефтекамск,2024-06-17,https://ufa1.ru/text/gorod/2024/06/17/73716332/,Как жители Нефтекамска и Агидели пережили «энергетический локдаун» из-за аварии на Кармановской ГРЭС - 17 июня 2024 | УФА1.ру,unique_exact_core_unverified,False
5402,городской округ город Агидель,2024-06-17,https://ufa1.ru/text/gorod/2024/06/17/73716332/,Как жители Нефтекамска и Агидели пережили «энергетический локдаун» из-за аварии на Кармановской ГРЭС - 17 июня 2024 | УФА1.ру,unique_exact_core_unverified,False
4279,городской округ Краснотурьинск,2024-06-19,https://eburg.mk.ru/social/2024/06/19/evgeniy-kuyvashev-otkryl-krupneyshee-predpriyatie-na-severe-oblasti.html,Евгений Куйвашев открыл крупнейшее предприятие на севере области - МК Екатеринбург,unique_exact_core_unverified,False
9156,городской округ город Екатеринбург,2024-06-19,https://eburg.mk.ru/social/2024/06/19/evgeniy-kuyvashev-otkryl-krupneyshee-predpriyatie-na-severe-oblasti.html,Евгений Куйвашев открыл крупнейшее предприятие на севере области - МК Екатеринбург,unique_exact_core_unverified,False
4440,городской округ город Смоленск,2024-06-21,https://gtrksmolensk.ru/news/masshtabnye-otklyucheniya-goryachej-vody-v-smolenske-startuyut-s-22-iyunya/,Масштабные отключения горячей воды в Смоленске стартуют с 22 июня | ГТРК «СМОЛЕНСК»,unique_exact_core_unverified,True
8741,городской округ город Новочебоксарск,2024-06-23,https://www.interfax-russia.ru/volga/news/moskovskoe-ooo-sozdast-v-chuvashii-za-2-mlrd-rub-proizvodstvo-energeticheskih-kotlov,Московское ООО создаст в Чувашии за 2 млрд руб. производство энергетических котлов - Поволжье || Интерфакс Россия,unique_exact_core_unverified,True
11500,городской округ город Чебоксары,2024-06-23,https://www.interfax-russia.ru/volga/news/moskovskoe-ooo-sozdast-v-chuvashii-za-2-mlrd-rub-proizvodstvo-energeticheskih-kotlov,Московское ООО создаст в Чувашии за 2 млрд руб. производство энергетических котлов - Поволжье || Интерфакс Россия,unique_exact_core_unverified,True
5043,Кстовский муниципальный округ,2024-06-24,https://kstovo.ru/starejshij-hlebozavod-kstovskogo-okruga-neozhidanno-zakrylsya/,Старейший хлебозавод Кстовского округа неожиданно закрылся. · Кстово.ру,unique_exact_core_unverified,False
647,городской округ город Иркутск,2024-06-24,https://nts-tv.ru/events/91143/,Режим ЧС из-за лесных пожаров ввели в Бодайбинском районе - НТС Иркутск,unique_exact_core_unverified,False
1835,городской округ округ Муром,2024-06-24,https://www.fontanka.ru/2024/06/24/73744733/,"Дрон-камикадзе под Белгородом атаковал автомобиль, есть раненый - 24 июня 2024 | ФОНТАНКА.ру",unique_exact_core_unverified,False
144,городской округ город Саратов,2024-06-24,https://nversia.ru/news/desyatki-tysyach-zhiteley-saratova-ostanutsya-na-sutki-bez-holodnoy-vody/,Десятки тысяч жителей Саратова останутся на сутки без холодной воды — ИА «Версия-Саратов»,unique_exact_core_unverified,True
8003,Новоузенский муниципальный район,2024-06-24,https://nversia.ru/news/desyatki-tysyach-zhiteley-saratova-ostanutsya-na-sutki-bez-holodnoy-vody/,Десятки тысяч жителей Саратова останутся на сутки без холодной воды — ИА «Версия-Саратов»,unique_exact_core_unverified,True
11526,Аткарский муниципальный район,2024-06-24,https://nversia.ru/news/desyatki-tysyach-zhiteley-saratova-ostanutsya-na-sutki-bez-holodnoy-vody/,Десятки тысяч жителей Саратова останутся на сутки без холодной воды — ИА «Версия-Саратов»,unique_exact_core_unverified,True
1563,Черниговский муниципальный округ,2024-06-26,https://primamedia.ru/news/1780282/,Паводок в Приморье затопил почти 25 тысяч гектаров сельхозугодий - PrimaMedia.ru,unique_exact_core_unverified,False
4265,Хорольский муниципальный округ,2024-06-26,https://primamedia.ru/news/1780282/,Паводок в Приморье затопил почти 25 тысяч гектаров сельхозугодий - PrimaMedia.ru,unique_exact_core_unverified,False
134,городской округ город Нижний Новгород,2024-06-27,https://newsroom24.ru/news/promyshlennost/2024/news_282810/,Завод Liebherr прекратит работу в Дзержинске с 1 сентября | Промышленность,unique_exact_core_unverified,False
3923,городской округ город Ставрополь,2024-07-13,https://krasnodar-news.net/society/2024/07/13/391550.html,Часть станицы Есссентукской осталась без света и воды из-за аварии на подстанции - Лента новостей Краснодара,unique_exact_core_unverified,False
5773,городской округ город Владимир,2024-07-15,https://ura.news/news/1052793098,Путин принял участие в запуске новых объектов в Магнитогорске: видео,unique_exact_core_unverified,False
7415,городской округ Челябинский,2024-07-15,https://ura.news/news/1052793098,Путин принял участие в запуске новых объектов в Магнитогорске: видео,unique_exact_core_unverified,False
272,внутригородская территория города федерального значения муниципальный округ Аэропорт,2024-07-25,https://ria.ru/20240725/pavodok-1961984066.html,"В Билибинском районе Чукотки ввели режим ЧС из-за паводка - РИА Новости, 25.07.2024",unique_exact_core_unverified,False
3060,городской округ город Липецк,2024-08-09,https://meduza.io/feature/2024/08/09/bespilotniki-atakovali-lipetsk-na-voennom-aerodrome-proizoshel-pozhar-zhiteley-blizhayshih-dereven-evakuiruyut,Беспилотники атаковали Липецк. На военном аэродроме произошел пожар. Жителей ближайших деревень эвакуировали — Meduza,unique_exact_core_unverified,False
11133,Приморский муниципальный округ,2024-08-19,https://www.interfax-russia.ru/index.php/far-east/news/ustraneny-posledstviya-avarii-ostavivshey-bez-sveta-vse-primore,"Устранены последствия аварии, оставившей без света все Приморье - Дальний Восток || Интерфакс Россия",unique_exact_core_unverified,False
5773,городской округ город Владимир,2024-08-20,https://rg.ru/2024/08/20/reg-cfo/krossovery-v-mode.html,В Калуге на заводе АГР вновь заработал конвейер - Российская газета,unique_exact_core_unverified,True
144,городской округ город Саратов,2024-08-26,https://www.bbc.com/russian/articles/c3d90kyr9ylo,В Саратове и Энгельсе дроны врезались в многоэтажки. Есть пострадавшие - BBC News Русская служба,unique_exact_core_unverified,False
2145,городской округ город Новомосковск,2024-08-26,https://polyplast-un.ru/company/news/na_baze_poliplast_novomoskovsk_zapustili_unikalnoe_v_rossii_proizvodstvo/,На базе «Полипласт Новомосковск» запустили уникальное в России производство | Новости компании «Полипласт»,unique_exact_core_unverified,False
144,городской округ город Саратов,2024-08-26,https://ria.ru/20240826/kvartiry-1968553240.html,"После атаки беспилотников в многоэтажке в Энгельсе повреждены 17 квартир - РИА Новости, 26.08.2024",unique_exact_core_unverified,True
5773,городской округ город Владимир,2024-08-26,https://kamchatkamedia.ru/news/1826998/,Глава ПКГО на Камчатке доложил губернатору Владимиру Солодову о последствиях непогоды - KamchatkaMedia.ru,unique_exact_core_unverified,False
11374,внутригородская территория города федерального значения муниципальный округ № 21,2024-08-26,https://kamchatkamedia.ru/news/1826998/,Глава ПКГО на Камчатке доложил губернатору Владимиру Солодову о последствиях непогоды - KamchatkaMedia.ru,unique_exact_core_unverified,False
6997,Тюкалинский муниципальный район,2024-08-27,https://runews24.ru/omsk/27/08/2024/v-omske-osenyu-perestanet-rabotat-krupnyij-molochnyij-zavod,В Омске осенью перестанет работать крупный молочный завод - RuNews24.ru - 27.08.2024,unique_exact_core_unverified,True
9260,городской округ город Омск,2024-08-27,https://runews24.ru/omsk/27/08/2024/v-omske-osenyu-perestanet-rabotat-krupnyij-molochnyij-zavod,В Омске осенью перестанет работать крупный молочный завод - RuNews24.ru - 27.08.2024,unique_exact_core_unverified,True
272,внутригородская территория города федерального значения муниципальный округ Аэропорт,2024-08-28,https://116.ru/text/gorod/2024/08/28/74014310/,Почему закрыли аэропорт и эвакуировали завод в Казани - 28 августа 2024 | 116.ру,unique_exact_core_unverified,False
7241,городской округ город Котельнич,2024-08-28,https://lenta.ru/news/2024/08/28/drony-vsu-udarili-po-neftebaze-v-kirovskoy-oblasti-bespilotniki-vpervye-atakovali-etot-region/,"Атака дронами ВСУ на Кировскую область: последствия, пострадавшие, комментарий губернатора: Происшествия: Россия: Lenta.ru",unique_exact_core_unverified,False
3137,Хабаровский муниципальный район,2024-09-04,https://todaykhv.ru/news/incident/77197/,На севере Хабаровского края введён режим ЧС - Хабаровский край сегодня,unique_exact_core_unverified,False
134,городской округ город Нижний Новгород,2024-09-15,https://www.kommersant.ru/doc/7141821,Кремлевский фуникулер открыли в Нижнем Новгороде – Коммерсантъ Нижний Новгород,unique_exact_core_unverified,False
9669,внутригородская территория города федерального значения муниципальный округ Сергиевское,2024-09-15,https://www.kommersant.ru/doc/7141821,Кремлевский фуникулер открыли в Нижнем Новгороде – Коммерсантъ Нижний Новгород,unique_exact_core_unverified,False
12264,внутригородская территория города федерального значения муниципальный округ Тверской,2024-09-18,https://crimea.ria.ru/20240918/dostup-v-atakovannyy-dronami-gorod-toropets-otkryt-1140433417.html,"Доступ в атакованный дронами город Торопец открыт - РИА Новости Крым, 18.09.2024",unique_exact_core_unverified,False
3972,внутригородская территория города федерального значения муниципальный округ Отрадное,2024-09-29,https://voronezh1.ru/text/incidents/2024/09/29/74149292/,"«Бежали к машинам, чтобы уехать»: что происходило в ЖК под Воронежем, который пострадал от БПЛА - 29 сентября 2024 | ВОРОНЕЖ1.ру",unique_exact_core_unverified,False
235,муниципальный округ Лесной,2024-09-30,https://volga.news/article/726326.html,Площадь пожара в Сызранском районе увеличилась до 288 га - Волга Ньюс,unique_exact_core_unverified,False
12329,городской округ Самара,2024-09-30,https://volga.news/article/726326.html,Площадь пожара в Сызранском районе увеличилась до 288 га - Волга Ньюс,unique_exact_core_unverified,False
5509,внутригородская территория города федерального значения муниципальный округ Митино,2024-09-30,https://kirov.sm.news/v-kirovskoj-oblasti-otkryli-pervyj-v-rossii-semejnyj-centr-reabilitacii-uchastnikov-svo-58/,В Кировской области открыли первый в России семейный Центр реабилитации участников СВО,unique_exact_core_unverified,False
5773,городской округ город Владимир,2024-10-10,https://vladtv.ru/society/158730/,Владимир Путин принял участие в открытии завода «Шафт Технолоджи» в Киржаче - Новости Владимира :: ГТРК Владимир,unique_exact_core_unverified,False
37,городской округ город Тамбов,2024-10-19,https://vestitambov.ru/new/v-kirsanove-vvedjon-rezhim-chs/,В Кирсанове введён режим ЧС — ВЕСТИ / Тамбов,unique_exact_core_unverified,False
1835,городской округ округ Муром,2024-10-23,https://www.kommersant.ru/doc/7249879,При атаке дрона на белгородский поселок ранен мужчина – Коммерсантъ,unique_exact_core_unverified,False
9156,городской округ город Екатеринбург,2024-10-24,https://ural.aif.ru/economics/v-sverdlovskoy-oblasti-otkrylsya-zavod-trotuarnoy-plitki,В Свердловской области открылся завод тротуарной плитки  | АиФ Урал,unique_exact_core_unverified,False
13010,Костромской муниципальный район,2024-10-30,https://smotrim.ru/journal/4196014,Костромская льняная мануфактура закрывается на платформе СМОТРИМ,unique_exact_core_unverified,False
10579,городской округ город Новосибирск,2024-10-30,https://ria.ru/20241030/novosibirsk-1980847804.html,"В Новосибирске назвали причину аварии, оставившей сотни домов без тепла - РИА Новости, 30.10.2024",unique_exact_core_unverified,False
5773,городской округ город Владимир,2024-10-30,https://energo-news.ru/archives/188396,В Симферополе из-за аварии обесточены 9 ТП - ЭнергоНьюс,unique_exact_core_unverified,False
144,городской округ город Саратов,2024-11-19,https://ria.ru/20241119/saratov-1984620508.html,"В Саратове 16,5 тысячи человек остались без отопления и горячей воды - РИА Новости, 19.11.2024",unique_exact_core_unverified,False
5246,внутригородская территория города федерального значения муниципальный округ Нижегородский,2024-11-19,https://neftegaz.ru/news/neftechim/866769-reuters-nizhegorodskiy-npz-ostanovil-ustanovku-kataliticheskogo-krekinga-iz-za-polomki/,Reuters: Нижегородский НПЗ остановил установку каталитического крекинга из-за поломки,unique_exact_core_unverified,False
5246,внутригородская территория города федерального значения муниципальный округ Нижегородский,2024-11-20,https://www.kommersant.ru/doc/7312682,Нижегородский НПЗ назвал «фальшивкой» сообщения об остановке завода – Коммерсантъ,unique_exact_core_unverified,False
4440,городской округ город Смоленск,2024-11-24,https://smolensk-i.ru/society/v-smolenskoj-oblasti-obyavili-rezhim-chs-v-odnom-iz-rajonov_571655,"В Смоленской области объявили режим ЧС в одном из районов - Информагентство ""О чем говорит Смоленск"" 24.11.2024 24.11.2024",unique_exact_core_unverified,False
113,Майский муниципальный район,2024-11-24,https://naonews.ru/exclusive/49689-za-sutki-vsu-obstreljali-belgorodskuju-oblast-103-raza-stali-izvestny-posledstvija.html,За сутки ВСУ обстреляли Белгородскую область 103 раза: стали известны последствия » Информационно аналитический портал «НАО News»,unique_exact_core_unverified,False
4440,городской округ город Смоленск,2024-11-25,https://gtrksmolensk.ru/news/v-smolenskoj-oblasti-rezhim-chs-vveden-v-vyazemskom-rajone/,В Смоленской области режим ЧС введен в Вяземском районе | ГТРК «СМОЛЕНСК»,unique_exact_core_unverified,False
899,городской округ город Торжок,2024-11-28,https://ria.ru/20241128/zavod-1986246136.html,"Завод по выпуску смазочных материалов открыли в Тверской области - РИА Новости, 28.11.2024",unique_exact_core_unverified,False
12264,внутригородская территория города федерального значения муниципальный округ Тверской,2024-11-28,https://ria.ru/20241128/zavod-1986246136.html,"Завод по выпуску смазочных материалов открыли в Тверской области - РИА Новости, 28.11.2024",unique_exact_core_unverified,False
10579,городской округ город Новосибирск,2024-11-29,https://ngs.ru/text/incidents/2024/11/29/74392649/,Полсотни домов остались без тепла на Золотой Ниве — отопление вернут только к завтрашнему утру - 29 ноября 2024 | НГС.ру,unique_exact_core_unverified,True
10579,городской округ город Новосибирск,2024-11-29,https://www.interfax-russia.ru/siberia/news/dva-desyatka-domov-ostalis-bez-otopleniya-iz-za-defekta-na-teplosetyah-v-novosibirske,Два десятка домов остались без отопления из-за дефекта на теплосетях в Новосибирске - Сибирь || Интерфакс Россия,unique_exact_core_unverified,True
