task,method,budget_pct,AP,base_rate,AP_lift,precision,recall,false_alarms_per_100,true_positives,n_rows,events_with_full_warning_window,events_warned,event_recall,median_lead_months
detect,bocpd,1,0.4122978297628802,0.023660714285714285,17.42541771073305,0.565,0.23689727463312368,0.43154761904761907,113,20160,,,,
detect,bocpd,2,0.4122978297628802,0.023660714285714285,17.42541771073305,0.445,0.3731656184486373,1.1011904761904763,178,20160,,,,
detect,bocpd,5,0.4122978297628802,0.023660714285714285,17.42541771073305,0.307,0.6436058700209644,3.4375,307,20160,,,,
detect,cusum,1,0.050266684779926754,0.023660714285714285,2.124478752962942,0.04,0.016771488469601678,0.9523809523809523,8,20160,,,,
detect,cusum,2,0.050266684779926754,0.023660714285714285,2.124478752962942,0.0575,0.04821802935010482,1.8700396825396826,23,20160,,,,
detect,cusum,5,0.050266684779926754,0.023660714285714285,2.124478752962942,0.056,0.11740041928721175,4.682539682539683,56,20160,,,,
detect,jump,1,0.40653292795984736,0.023660714285714285,17.181769030755813,0.53,0.2222222222222222,0.4662698412698413,106,20160,,,,
detect,jump,2,0.40653292795984736,0.023660714285714285,17.181769030755813,0.45,0.37735849056603776,1.0912698412698412,180,20160,,,,
detect,jump,5,0.40653292795984736,0.023660714285714285,17.181769030755813,0.314,0.6582809224318659,3.4027777777777777,314,20160,,,,
detect,logistic_base,1,0.4655454369746445,0.023660714285714285,19.67588261930573,0.615,0.2578616352201258,0.3819444444444444,123,20160,,,,
detect,logistic_base,2,0.4655454369746445,0.023660714285714285,19.67588261930573,0.545,0.4570230607966457,0.9027777777777778,218,20160,,,,
detect,logistic_base,5,0.4655454369746445,0.023660714285714285,19.67588261930573,0.343,0.7190775681341719,3.2589285714285716,343,20160,,,,
detect,logistic_categories,1,0.4336725678942186,0.023660714285714285,18.328802869491504,0.58,0.2431865828092243,0.4166666666666667,116,20160,,,,
detect,logistic_categories,2,0.4336725678942186,0.023660714285714285,18.328802869491504,0.5225,0.4381551362683438,0.9474206349206349,209,20160,,,,
detect,logistic_categories,5,0.4336725678942186,0.023660714285714285,18.328802869491504,0.34,0.7127882599580713,3.2738095238095237,340,20160,,,,
detect,logistic_local_news,1,0.4657267496345607,0.023660714285714285,19.683545644932376,0.62,0.259958071278826,0.376984126984127,124,20160,,,,
detect,logistic_local_news,2,0.4657267496345607,0.023660714285714285,19.683545644932376,0.545,0.4570230607966457,0.9027777777777778,218,20160,,,,
detect,logistic_local_news,5,0.4657267496345607,0.023660714285714285,19.683545644932376,0.343,0.7190775681341719,3.2589285714285716,343,20160,,,,
detect,page_hinkley,1,0.04191305391651875,0.023660714285714285,1.7714196372264528,0.09,0.03773584905660377,0.9027777777777778,18,20160,,,,
detect,page_hinkley,2,0.04191305391651875,0.023660714285714285,1.7714196372264528,0.0675,0.05660377358490566,1.8501984126984128,27,20160,,,,
detect,page_hinkley,5,0.04191305391651875,0.023660714285714285,1.7714196372264528,0.062,0.129979035639413,4.652777777777778,62,20160,,,,
detect,seasonal_jump,1,0.11934256792494889,0.023660714285714285,5.043912304752557,0.335,0.14046121593291405,0.6597222222222222,67,20160,,,,
detect,seasonal_jump,2,0.11934256792494889,0.023660714285714285,5.043912304752557,0.28,0.2348008385744235,1.4285714285714286,112,20160,,,,
detect,seasonal_jump,5,0.11934256792494889,0.023660714285714285,5.043912304752557,0.202,0.42348008385744235,3.9583333333333335,202,20160,,,,
detect,slope,1,0.3471459140076549,0.023660714285714285,14.671827309002772,0.51,0.2138364779874214,0.4861111111111111,102,20160,,,,
detect,slope,2,0.3471459140076549,0.023660714285714285,14.671827309002772,0.3875,0.3249475890985325,1.2152777777777777,155,20160,,,,
detect,slope,5,0.3471459140076549,0.023660714285714285,14.671827309002772,0.274,0.5744234800838575,3.6011904761904763,274,20160,,,,
predict,bocpd,1,0.05140271336850322,0.01626984126984127,3.15938628508849,0.11,0.06707317073170732,0.8829365079365079,11,10080,30.0,4.0,0.13333333333333333,1.0
predict,bocpd,2,0.05140271336850322,0.01626984126984127,3.15938628508849,0.08,0.0975609756097561,1.8253968253968254,16,10080,30.0,6.0,0.2,1.5
predict,bocpd,5,0.05140271336850322,0.01626984126984127,3.15938628508849,0.06,0.18292682926829268,4.662698412698413,30,10080,30.0,11.0,0.36666666666666664,2.0
predict,cusum,1,0.02563100470840382,0.01626984126984127,1.575369069882381,0.0,0.0,0.9920634920634921,0,10080,30.0,0.0,0.0,
predict,cusum,2,0.02563100470840382,0.01626984126984127,1.575369069882381,0.015,0.018292682926829267,1.9543650793650793,3,10080,30.0,1.0,0.03333333333333333,1.0
predict,cusum,5,0.02563100470840382,0.01626984126984127,1.575369069882381,0.018,0.054878048780487805,4.871031746031746,9,10080,30.0,3.0,0.1,2.0
predict,jump,1,0.055164920113704254,0.01626984126984127,3.3906243582081634,0.11,0.06707317073170732,0.8829365079365079,11,10080,30.0,3.0,0.1,1.0
predict,jump,2,0.055164920113704254,0.01626984126984127,3.3906243582081634,0.105,0.12804878048780488,1.7757936507936507,21,10080,30.0,7.0,0.23333333333333334,1.0
predict,jump,5,0.055164920113704254,0.01626984126984127,3.3906243582081634,0.066,0.20121951219512196,4.632936507936508,33,10080,30.0,10.0,0.3333333333333333,2.5
predict,logistic_base,1,0.026411159090496978,0.01626984126984127,1.623320022147619,0.05,0.03048780487804878,0.9424603174603174,5,10080,30.0,2.0,0.06666666666666667,2.0
predict,logistic_base,2,0.026411159090496978,0.01626984126984127,1.623320022147619,0.03,0.036585365853658534,1.9246031746031746,6,10080,30.0,2.0,0.06666666666666667,2.0
predict,logistic_base,5,0.026411159090496978,0.01626984126984127,1.623320022147619,0.032,0.0975609756097561,4.801587301587301,16,10080,30.0,5.0,0.16666666666666666,3.0
predict,logistic_categories,1,0.026929214474047065,0.01626984126984127,1.6551614749902097,0.05,0.03048780487804878,0.9424603174603174,5,10080,30.0,2.0,0.06666666666666667,1.5
predict,logistic_categories,2,0.026929214474047065,0.01626984126984127,1.6551614749902097,0.045,0.054878048780487805,1.8948412698412698,9,10080,30.0,3.0,0.1,2.0
predict,logistic_categories,5,0.026929214474047065,0.01626984126984127,1.6551614749902097,0.03,0.09146341463414634,4.811507936507937,15,10080,30.0,6.0,0.2,3.0
predict,logistic_local_news,1,0.026780352347800757,0.01626984126984127,1.6460119004014122,0.05,0.03048780487804878,0.9424603174603174,5,10080,30.0,2.0,0.06666666666666667,2.0
predict,logistic_local_news,2,0.026780352347800757,0.01626984126984127,1.6460119004014122,0.03,0.036585365853658534,1.9246031746031746,6,10080,30.0,2.0,0.06666666666666667,2.0
predict,logistic_local_news,5,0.026780352347800757,0.01626984126984127,1.6460119004014122,0.032,0.0975609756097561,4.801587301587301,16,10080,30.0,5.0,0.16666666666666666,3.0
predict,page_hinkley,1,0.02160143121445519,0.01626984126984127,1.3276977234250507,0.01,0.006097560975609756,0.9821428571428571,1,10080,30.0,1.0,0.03333333333333333,1.0
predict,page_hinkley,2,0.02160143121445519,0.01626984126984127,1.3276977234250507,0.015,0.018292682926829267,1.9543650793650793,3,10080,30.0,2.0,0.06666666666666667,2.5
predict,page_hinkley,5,0.02160143121445519,0.01626984126984127,1.3276977234250507,0.022,0.06707317073170732,4.851190476190476,11,10080,30.0,4.0,0.13333333333333333,3.0
predict,seasonal_jump,1,0.024511342794931654,0.01626984126984127,1.5065508254445796,0.07,0.042682926829268296,0.9226190476190477,7,10080,30.0,2.0,0.06666666666666667,2.0
predict,seasonal_jump,2,0.024511342794931654,0.01626984126984127,1.5065508254445796,0.04,0.04878048780487805,1.9047619047619047,8,10080,30.0,2.0,0.06666666666666667,2.0
predict,seasonal_jump,5,0.024511342794931654,0.01626984126984127,1.5065508254445796,0.032,0.0975609756097561,4.801587301587301,16,10080,30.0,4.0,0.13333333333333333,2.5
predict,slope,1,0.046120628655628396,0.01626984126984127,2.834731322248379,0.09,0.054878048780487805,0.9027777777777778,9,10080,30.0,4.0,0.13333333333333333,1.0
predict,slope,2,0.046120628655628396,0.01626984126984127,2.834731322248379,0.065,0.07926829268292683,1.8551587301587302,13,10080,30.0,5.0,0.16666666666666666,1.0
predict,slope,5,0.046120628655628396,0.01626984126984127,2.834731322248379,0.046,0.1402439024390244,4.732142857142857,23,10080,30.0,10.0,0.3333333333333333,1.0
