series,date,value,relative_log_level,event
25,2023-01-01,18826.0,-0.09162860906604209,False
25,2023-02-01,19408.0,-0.12789931740852722,False
25,2023-03-01,21172.0,-0.12364355001672855,False
25,2023-04-01,19455.0,-0.12091357091414423,False
25,2023-05-01,19494.0,-0.14633762181935062,False
25,2023-06-01,20114.0,-0.12345665304662923,False
25,2023-07-01,20853.0,-0.1309054214552532,False
25,2023-08-01,21609.0,-0.10344280181035259,False
25,2023-09-01,20251.0,-0.09748055278857493,False
25,2023-10-01,21162.0,-0.08978765911730235,False
25,2023-11-01,22442.0,-0.05274597521377089,True
25,2023-12-01,27059.0,-0.042046683750658786,False
25,2024-01-01,21032.0,-0.03046039588300964,False
25,2024-02-01,22982.0,-0.052446787653169125,False
25,2024-03-01,25658.0,-0.03853392905347697,False
25,2024-04-01,25318.0,-0.029288801496045735,False
25,2024-05-01,24453.0,-0.07553090890289837,False
25,2024-06-01,25444.0,-0.05361821130128064,False
25,2024-07-01,25620.0,-0.07538406180917967,False
25,2024-08-01,26954.0,-0.03739394733752377,False
25,2024-09-01,24717.0,-0.04671309117450839,False
25,2024-10-01,25544.0,-0.06349443223457563,False
25,2024-11-01,25911.0,-0.047868997581836936,False
25,2024-12-01,31548.0,-0.029622195574654953,False
43,2023-01-01,22614.0,0.0917016813219842,False
43,2023-02-01,24142.0,0.09036839266871333,False
43,2023-03-01,26150.0,0.08752608649846216,False
43,2023-04-01,25916.0,0.16584286123704928,False
43,2023-05-01,26373.0,0.15589641180278235,False
43,2023-06-01,26533.0,0.15351649822032698,False
43,2023-07-01,26880.0,0.12297927141323584,False
43,2023-08-01,27870.0,0.15099814510816856,False
43,2023-09-01,26048.0,0.15425626198224407,False
43,2023-10-01,29050.0,0.22702370369864866,False
43,2023-11-01,29371.0,0.2163276145231059,False
43,2023-12-01,32560.0,0.14301819023889095,True
43,2024-01-01,26142.0,0.18703773305276883,False
43,2024-02-01,28498.0,0.162675820884985,False
43,2024-03-01,31655.0,0.17150677111546564,False
43,2024-04-01,30949.0,0.17153628172023083,False
43,2024-05-01,31322.0,0.17203690936091398,False
43,2024-06-01,31450.0,0.1583008130286121,False
43,2024-07-01,31923.0,0.14456939484993647,False
43,2024-08-01,32015.0,0.13467888628627556,False
43,2024-09-01,30186.0,0.15317388356116446,False
43,2024-10-01,31770.0,0.1546255606343685,False
43,2024-11-01,32398.0,0.1755601059498506,False
43,2024-12-01,36598.0,0.11886120299509528,False
47,2023-01-01,27570.0,0.2898607228446348,False
47,2023-02-01,29850.0,0.3026001702283896,False
47,2023-03-01,30359.0,0.23676990989607383,False
47,2023-04-01,33591.0,0.42524049659550833,False
47,2023-05-01,34914.0,0.43644354716821887,False
47,2023-06-01,35062.0,0.4322451798627647,False
47,2023-07-01,36206.0,0.42082160671203894,False
47,2023-08-01,36369.0,0.41716406704686904,False
47,2023-09-01,32880.0,0.3871798423500934,False
47,2023-10-01,30653.0,0.280735757275302,True
47,2023-11-01,32189.0,0.30794460082342034,False
47,2023-12-01,38151.0,0.301485618811272,False
47,2024-01-01,31146.0,0.3621803427625565,True
47,2024-02-01,36489.0,0.4098527568157966,False
47,2024-03-01,41248.0,0.43621328387615144,False
47,2024-04-01,41006.0,0.45291399075017225,False
47,2024-05-01,43511.0,0.500729963007398,False
47,2024-06-01,43425.0,0.4809371420093296,False
47,2024-07-01,45021.0,0.48837168930419494,False
47,2024-08-01,43458.0,0.4402692977567533,False
47,2024-09-01,36663.0,0.3475637149479027,False
47,2024-10-01,34319.0,0.23180224901906143,False
47,2024-11-01,36583.0,0.29704706508025325,False
47,2024-12-01,42350.0,0.26483602998766465,False
70,2023-01-01,16066.0,-0.25016226443944944,False
70,2023-02-01,18264.0,-0.18865276038272683,False
70,2023-03-01,19588.0,-0.2014059701723987,False
70,2023-04-01,17818.0,-0.20880849505220844,False
70,2023-05-01,18910.0,-0.17675346506400302,False
70,2023-06-01,19035.0,-0.1785933532344579,False
70,2023-07-01,20668.0,-0.13981663381677478,False
70,2023-08-01,22935.0,-0.04388856833655197,False
70,2023-09-01,21336.0,-0.04528894095817293,False
70,2023-10-01,20473.0,-0.12288783472883047,False
70,2023-11-01,22321.0,-0.05815223907957012,False
70,2023-12-01,26970.0,-0.04534121374380895,False
70,2024-01-01,17516.0,-0.21339073437143874,True
70,2024-02-01,19524.0,-0.2155136104637112,False
70,2024-03-01,21612.0,-0.21014062689880575,False
70,2024-04-01,22075.0,-0.16635866022065926,False
70,2024-05-01,23080.0,-0.1333173750434291,True
70,2024-06-01,25574.0,-0.048521959728860864,False
70,2024-07-01,25370.0,-0.08518998466657735,False
70,2024-08-01,27831.0,-0.0053751493452462995,False
70,2024-09-01,24020.0,-0.07531754052423345,False
70,2024-10-01,23672.0,-0.13960397254914803,False
70,2024-11-01,24567.0,-0.10113250759193448,False
70,2024-12-01,28958.0,-0.11528588675117035,False
82,2023-01-01,14478.0,-0.3542372463201211,False
82,2023-02-01,15827.0,-0.33186732725907575,False
82,2023-03-01,17232.0,-0.3295549835984364,False
82,2023-04-01,15274.0,-0.3628656408844684,False
82,2023-05-01,16853.0,-0.2919156652404862,False
82,2023-06-01,16467.0,-0.3235143648330556,False
82,2023-07-01,17040.0,-0.33283972284054286,False
82,2023-08-01,17296.0,-0.32607743548883583,False
82,2023-09-01,16238.0,-0.3183305533976313,False
82,2023-10-01,16462.0,-0.34094008504881934,False
82,2023-11-01,16663.0,-0.3504894858999581,False
82,2023-12-01,20220.0,-0.33339413730312195,False
82,2024-01-01,14619.0,-0.39418343078111207,False
82,2024-02-01,16056.0,-0.4110754769945757,False
82,2024-03-01,18501.0,-0.36556455820315925,False
82,2024-04-01,19373.0,-0.2969240626058749,True
82,2024-05-01,19574.0,-0.29808166167970107,False
82,2024-06-01,20372.0,-0.2759367610954797,False
82,2024-07-01,21377.0,-0.2564417805806247,False
82,2024-08-01,21044.0,-0.28491017281593045,False
82,2024-09-01,18165.0,-0.35470769150290593,True
82,2024-10-01,18212.0,-0.40181617017452,False
82,2024-11-01,17373.0,-0.4476193096363321,False
82,2024-12-01,21533.0,-0.4115457489859278,False
89,2023-01-01,16441.0,-0.22708928716233068,False
89,2023-02-01,18443.0,-0.1788997749095529,False
89,2023-03-01,19709.0,-0.19524771980211142,False
89,2023-04-01,18329.0,-0.18053317236094912,False
89,2023-05-01,19184.0,-0.16236774944920995,False
89,2023-06-01,20041.0,-0.1270925678976269,False
89,2023-07-01,20419.0,-0.15193740430081526,False
89,2023-08-01,20461.0,-0.1580320612012649,False
89,2023-09-01,18987.0,-0.16193019337660708,False
89,2023-10-01,19392.0,-0.17713416971236917,False
89,2023-11-01,20093.0,-0.16330868275403,False
89,2023-12-01,24074.0,-0.15893393093790387,False
89,2024-01-01,16629.0,-0.26535732420481395,True
89,2024-02-01,18985.0,-0.2435088948048456,False
89,2024-03-01,21089.0,-0.2346377653509979,False
89,2024-04-01,20861.0,-0.22292301964853323,False
89,2024-05-01,21819.0,-0.1895026668428148,False
89,2024-06-01,23012.0,-0.15408235111679147,False
89,2024-07-01,22820.0,-0.1911200138438378,False
89,2024-08-01,23554.0,-0.17222999926513438,False
89,2024-09-01,21609.0,-0.18109446260073625,False
89,2024-10-01,22583.0,-0.1866994768118886,False
89,2024-11-01,22311.0,-0.19745675615882163,False
89,2024-12-01,27391.0,-0.1709178988268114,False
124,2023-01-01,17078.0,-0.1890764167056549,False
124,2023-02-01,18268.0,-0.18843377428746777,False
124,2023-03-01,19610.0,-0.20028346380421524,False
124,2023-04-01,17847.0,-0.20718225047678196,False
124,2023-05-01,18785.0,-0.18338566870843565,False
124,2023-06-01,18375.0,-0.21388169797001844,False
124,2023-07-01,19083.0,-0.2196053578769348,False
124,2023-08-01,19611.0,-0.20046206308698622,False
124,2023-09-01,17475.0,-0.24491343971801172,True
124,2023-10-01,18170.0,-0.2422228971911924,False
124,2023-11-01,18481.0,-0.24693700115282624,False
124,2023-12-01,21935.0,-0.2519828162772697,False
124,2024-01-01,17371.0,-0.22170333419080457,False
124,2024-02-01,19461.0,-0.21874562558958388,True
124,2024-03-01,21994.0,-0.19261965399188163,False
124,2024-04-01,21516.0,-0.19200756229968619,False
124,2024-05-01,20451.0,-0.2542520356345701,True
124,2024-06-01,21000.0,-0.24557573239441588,False
124,2024-07-01,22117.0,-0.22241081469118384,False
124,2024-08-01,22062.0,-0.23766898513730084,False
124,2024-09-01,19404.0,-0.2887251267931017,False
124,2024-10-01,20995.0,-0.25961257351089984,False
124,2024-11-01,20062.0,-0.3037091080868013,False
124,2024-12-01,24010.0,-0.3026619808772377,False
164,2023-01-01,17278.0,-0.17743348625437783,False
164,2023-02-01,17440.0,-0.23481825112938814,False
164,2023-03-01,18251.0,-0.27210323096458566,False
164,2023-04-01,16712.0,-0.2728906530963968,False
164,2023-05-01,17297.0,-0.2659112716725822,False
164,2023-06-01,16839.0,-0.30117511844074585,False
164,2023-07-01,17739.0,-0.29263763873490944,False
164,2023-08-01,17749.0,-0.30022352007947894,False
164,2023-09-01,16536.0,-0.3001449054584189,False
164,2023-10-01,16411.0,-0.3440429379017811,False
164,2023-11-01,17399.0,-0.3072674451518669,False
164,2023-12-01,20835.0,-0.3034320860210311,False
164,2024-01-01,17253.0,-0.22851944191086382,True
164,2024-02-01,18964.0,-0.2446156434487392,False
164,2024-03-01,20923.0,-0.24254031052351088,False
164,2024-04-01,20463.0,-0.24218602936999112,False
164,2024-05-01,20470.0,-0.2533234170101313,False
164,2024-06-01,20542.0,-0.26762659937422484,False
164,2024-07-01,20383.0,-0.3040561381761737,False
164,2024-08-01,20576.0,-0.3074003086292816,False
164,2024-09-01,18854.0,-0.31747926420211314,False
164,2024-10-01,19206.0,-0.34867415743127417,False
164,2024-11-01,19746.0,-0.31958564735883677,False
164,2024-12-01,23593.0,-0.3201823332458229,False
189,2023-01-01,16220.0,-0.2406224535038035,False
189,2023-02-01,17081.0,-0.25561793495429797,False
189,2023-03-01,17890.0,-0.2920812064918419,False
189,2023-04-01,16788.0,-0.2683533318793163,False
189,2023-05-01,17191.0,-0.27205835667501255,False
189,2023-06-01,17121.0,-0.28456696284623817,False
189,2023-07-01,17909.0,-0.28309986445711033,False
189,2023-08-01,18276.0,-0.27096397268466177,False
189,2023-09-01,16817.0,-0.2832944482972728,False
189,2023-10-01,17303.0,-0.29111488272476116,False
189,2023-11-01,17731.0,-0.28836565838159345,False
189,2023-12-01,21526.0,-0.27080484405334104,False
189,2024-01-01,17814.0,-0.19652081830091284,True
189,2024-02-01,19165.0,-0.23407238965609345,False
189,2024-03-01,21301.0,-0.22463532291047805,False
189,2024-04-01,20645.0,-0.23333124737262878,False
189,2024-05-01,21192.0,-0.2186600647135606,False
189,2024-06-01,21916.0,-0.20288120644166874,False
189,2024-07-01,21241.0,-0.26282408203302055,False
189,2024-08-01,22322.0,-0.22595291745096802,False
189,2024-09-01,19615.0,-0.27790977751455515,False
189,2024-10-01,21614.0,-0.2305556347660822,False
189,2024-11-01,19526.0,-0.33078967574461515,False
189,2024-12-01,25018.0,-0.26153682531784916,False
222,2023-01-01,23737.0,0.1401675100077444,False
222,2023-02-01,25537.0,0.1465437112914305,False
222,2023-03-01,28228.0,0.16399128912611438,False
222,2023-04-01,24730.0,0.11899940418266475,False
222,2023-05-01,25446.0,0.12011421198613981,False
222,2023-06-01,25481.0,0.11306033333274002,False
222,2023-07-01,26670.0,0.11513609395221103,False
222,2023-08-01,26854.0,0.11386208926482944,False
222,2023-09-01,25733.0,0.14208948707296365,False
222,2023-10-01,26524.0,0.1360552039073486,False
222,2023-11-01,27132.0,0.13703366462738842,False
222,2023-12-01,33596.0,0.1743406613679337,False
222,2024-01-01,25462.0,0.16068166132886397,False
222,2024-02-01,28308.0,0.15598636172492597,False
222,2024-03-01,31006.0,0.1507913912635459,False
222,2024-04-01,29937.0,0.13829076685960295,False
222,2024-05-01,29322.0,0.10605427083274499,False
222,2024-06-01,29100.0,0.08064000405960847,True
222,2024-07-01,30461.0,0.09768981859126313,False
222,2024-08-01,30481.0,0.0855778819947215,False
222,2024-09-01,28832.0,0.10728152424985637,False
222,2024-10-01,29786.0,0.09014159681662015,False
222,2024-11-01,30140.0,0.10331660665025488,False
222,2024-12-01,37953.0,0.1552161609902427,False
454,2023-01-01,20030.0,-0.029636352513342956,False
454,2023-02-01,21865.0,-0.008697484745336936,False
454,2023-03-01,23665.0,-0.012325940654259071,False
454,2023-04-01,20840.0,-0.05214346046549423,False
454,2023-05-01,21454.0,-0.05053323955913136,False
454,2023-06-01,21491.0,-0.0572385002258482,False
454,2023-07-01,21582.0,-0.09654361030017,True
454,2023-08-01,21573.0,-0.10511016359722092,False
454,2023-09-01,19694.0,-0.1253707070122747,False
454,2023-10-01,20173.0,-0.13764970294705847,False
454,2023-11-01,20934.0,-0.12230554702375329,False
454,2023-12-01,24844.0,-0.12745007619839122,False
454,2024-01-01,18093.0,-0.18098036017363128,False
454,2024-02-01,21808.0,-0.10488121353443525,False
454,2024-03-01,23883.0,-0.11022243410607402,False
454,2024-04-01,22915.0,-0.12901268874959548,False
454,2024-05-01,23915.0,-0.09777793955106873,False
454,2024-06-01,24218.0,-0.10300201178566404,False
454,2024-07-01,24593.0,-0.11629550867782257,False
454,2024-08-01,25018.0,-0.11193009089194028,False
454,2024-09-01,21862.0,-0.16945438730442675,False
454,2024-10-01,22278.0,-0.20029724322405862,True
454,2024-11-01,23056.0,-0.16461054729092872,False
454,2024-12-01,27151.0,-0.17971851299622799,False
496,2023-01-01,20543.0,-0.004347251880695069,False
496,2023-02-01,21893.0,-0.0074177185850228256,False
496,2023-03-01,23222.0,-0.03122299880765489,False
496,2023-04-01,21185.0,-0.03572429327213911,False
496,2023-05-01,21777.0,-0.03558998076355557,False
496,2023-06-01,21994.0,-0.03410305418017501,False
496,2023-07-01,23130.0,-0.02727276799836531,False
496,2023-08-01,22615.0,-0.05793929345588111,True
496,2023-09-01,20907.0,-0.06560069671339441,False
496,2023-10-01,21400.0,-0.07860385757146737,False
496,2023-11-01,21984.0,-0.0733652624165071,False
496,2023-12-01,26379.0,-0.0674981118304725,False
496,2024-01-01,21210.0,-0.02203271473399937,False
496,2024-02-01,22480.0,-0.07453206346312236,False
496,2024-03-01,24328.0,-0.09176139250556048,False
496,2024-04-01,24746.0,-0.05214054691889913,False
496,2024-05-01,25074.0,-0.050452363989494486,False
496,2024-06-01,26193.0,-0.024605970621058404,False
496,2024-07-01,26653.0,-0.03585564364500904,False
496,2024-08-01,26146.0,-0.06782944154482173,False
496,2024-09-01,24060.0,-0.07365364662953766,False
496,2024-10-01,25566.0,-0.06263354390122622,False
496,2024-11-01,26197.0,-0.036891686153900594,False
496,2024-12-01,32126.0,-0.011466719974825068,False
