task,method,case,series,territory_id,region,name,signal_month,event_onset,event_confirmable,label_confirmable,signal_lag_months,score,alarm,label,previous_value,observed_value,monthly_change_pct
detect,logistic_base,hit,25,832,Ставропольский край,Кочубеевский муниципальный округ,2024-01-01,2023-11-01,2024-01-01,2024-03-01,2.0,0.8111827268166861,True,1,27059.0,21032.0,-22.27355038988876
detect,logistic_base,hit,189,74,Республика Башкортостан,Татышлинский муниципальный район,2024-01-01,2024-01-01,2024-03-01,2024-03-01,0.0,0.811795888050321,True,1,21526.0,17814.0,-17.244262752020813
detect,logistic_base,miss,43,1071,Вологодская область,Череповецкий муниципальный район,2024-01-01,2023-12-01,2024-02-01,2024-03-01,1.0,0.20751784675986965,False,1,32560.0,26142.0,-19.711302211302208
detect,logistic_base,miss,47,218,Республика Карелия,Прионежский муниципальный район,2024-01-01,2024-01-01,2024-03-01,2024-03-01,0.0,0.5047603978561009,False,1,38151.0,31146.0,-18.36124872218291
detect,logistic_base,false_alarm,454,904,Архангельская область,Красноборский муниципальный округ,2024-01-01,,,2024-03-01,,0.849500786385009,True,0,24844.0,18093.0,-27.173563033327962
detect,logistic_base,false_alarm,496,2140,Тверская область,муниципальный округ Старицкий,2024-01-01,,,2024-03-01,,0.920742224756025,True,0,26379.0,21210.0,-19.595132491754807
predict,jump,hit,70,414,Республика Тыва,Улуг-Хемский муниципальный район,2024-03-01,2024-05-01,2024-07-01,2024-08-01,-2.0,1.735816252035009,True,1,19524.0,21612.0,10.69452980946528
predict,jump,hit,124,41,Республика Башкортостан,Бижбулякский муниципальный район,2024-03-01,2024-05-01,2024-07-01,2024-08-01,-2.0,1.559900775580206,True,1,19461.0,21994.0,13.015775140023633
predict,jump,miss,82,548,Алтайский край,Ребрихинский муниципальный район,2024-03-01,2024-04-01,2024-06-01,2024-08-01,-1.0,1.032812059579938,False,1,16056.0,18501.0,15.22795216741406
predict,jump,miss,222,781,Приморский край,городской округ Лесозаводский,2024-03-01,2024-06-01,2024-08-01,2024-08-01,-3.0,1.063078270676398,False,1,28308.0,31006.0,9.53087466440583
predict,jump,false_alarm,89,571,Алтайский край,Шипуновский муниципальный район,2024-03-01,,,2024-08-01,,1.5834529178755568,True,0,18985.0,21089.0,11.082433500131671
predict,jump,false_alarm,164,69,Республика Башкортостан,Миякинский муниципальный район,2024-03-01,,,2024-08-01,,1.5139322281360366,True,0,18964.0,20923.0,10.330099135203552
