regime,h,model,n_pairs,MAE,R2_level
main,1,seasonal_naive,20160,4344.625,0.8243320853781275
main,1,prophet_auto,20160,1578.0153485038677,0.9616562165187545
main,1,v3,20160,893.5151794207959,0.9892020158836206
main,1,v3_hedge,20160,749.207332150888,0.9921089544338362
main,1,v4_diversified,20160,815.3491032961077,0.9908138144191319
main,1,prophet_log_fourier4,20160,1654.8834524048002,0.9642896537013438
main,1,prophet_log_month_dummies,20160,1107.5618962433855,0.9821699757183915
main,1,timesfm_raw,20160,1830.0051081101192,0.9538994775810463
main,1,timesfm_yoy,20160,926.1598469829571,0.9885227556845562
main,3,seasonal_naive,16128,4359.586495535715,0.8316546141204944
main,3,prophet_auto,16128,1859.430164960739,0.9524206824945717
main,3,v3,16128,1168.3040134712544,0.9807648073100625
main,3,v3_hedge,16128,1049.3675934150394,0.9843340124681006
main,3,v4_diversified,16128,1099.631682415613,0.982816380683353
main,3,prophet_log_fourier4,16128,1780.452074484586,0.9622575458148187
main,3,prophet_log_month_dummies,16128,2162.7391614621547,0.9099186345418516
main,3,timesfm_raw,16128,2601.676482328869,0.9156889721759501
main,3,timesfm_yoy,16128,1329.0464243549293,0.9779226680581024
main,6,seasonal_naive,10080,4248.84365079365,0.8474415787940545
main,6,prophet_auto,10080,2199.4145160193616,0.941765136471773
main,6,v3,10080,1318.9488663145153,0.9776113238520212
main,6,v3_hedge,10080,1243.0779178469654,0.9800973187945901
main,6,v4_diversified,10080,1282.6697811620777,0.9788802586273138
main,6,prophet_log_fourier4,10080,2174.105377946249,0.9460718475349009
main,6,prophet_log_month_dummies,10080,4182.786725878236,0.5712942158405171
main,6,timesfm_raw,10080,4010.23663219246,0.8390601371504525
main,6,timesfm_yoy,10080,1780.0004672845973,0.9609263512887409
short_history_fallback,12,seasonal_naive,2016,4703.62996031746,0.8429558243227026
short_history_fallback,12,national_yoy_fallback,2016,1416.1153136239118,0.9803199907669519
short_history_fallback,12,prophet_auto,2016,2900.6377571677835,0.9226663252869503
short_history_fallback,12,prophet_log_fourier4,2016,15017.741986592853,-0.9311777287674663
short_history_fallback,12,prophet_log_month_dummies,2016,171879.33467908402,-12357.982809716494
short_history_fallback,12,timesfm_raw,2016,9044.940258680557,0.4716760833933247
