model,description,MAE_exact,MAE_other,MAE_apr_nov,R2_growth_exact,wMAPE_exact,dMAE_vs_V2_exact,dMAE_vs_V2_other
seasonal_naive,last-year level only,4205.640955687831,4509.13778659612,4335.711026077097,-9.277898205217106,13.343563267713858,3479.954120478018,3584.0152219069946
seasonal_growth1,+ own YoY of last month,976.8904925447627,963.8768529016326,971.3132184119927,0.044338389378950294,3.099456237525462,251.2036573349502,38.75428821250671
local_sng2,own YoY averaged over 2 months,945.6059493292628,924.8038069547541,936.6907454544732,0.15959690092261936,3.0001973407019036,219.91911411945034,-0.3187577343717294
factor_only6,panel factor only (6m common momentum),1001.4574244578382,1431.473908850994,1185.7502034834763,0.1490075896892984,3.1774016479229905,275.7705892480258,506.35134416186804
v2_ensemble,V2: 0.5 local_sng2 + 0.5 factor6,725.6868352098124,925.1225646891259,811.1592907009467,0.42744894719296966,2.302442909462651,0.0,0.0
horizon_weights,V2 + horizon weights learned on past origins,760.4011715395725,844.5044698105639,796.4454422271403,0.38753505397835564,2.4125837769293295,34.714336329760044,-80.61809487856192
common_g2,V2 with 2m common momentum in both parts,773.6227493091095,826.1776793300002,796.146290746634,0.39102455285236815,2.4545329022411844,47.935914099297065,-98.94488535912569
common_adaptive,V2 with adaptively chosen common window,781.6004387114994,879.1332176728628,823.4002011235123,0.37928235221753914,2.479844336192053,55.91360350168691,-45.98934701626308
v3_ef_lag1,V2 + error feedback (1 lag),723.4906318471211,922.2962269127775,808.6930297324026,0.4311678532804404,2.2954748447068605,-2.1962033626913353,-2.826337776348396
v3_error_feedback,V2 + error feedback (2 lags)  [final],719.8701916916846,921.6661864936925,806.3541894639739,0.437625194874374,2.283987993408795,-5.816643518127876,-3.456378195433331
v3_ef_adaptive_common,V2 + adaptive common + error feedback,776.4726917882365,879.9630860828128,820.8257179144834,0.3908738735289423,2.4635751357985085,50.785856578424045,-45.15947860631309
common_national2,"V2, panel part advanced by national 2m YoY",745.6538157595803,765.9863267425533,754.3677490379972,0.41201329856029056,2.3657936973777987,19.966980549767868,-159.13623794657258
ef_common_national2,national common + error feedback,740.7234264344452,767.6677892614719,752.2710105031709,0.4238580794084441,2.3501506687437383,15.03659122463273,-157.454775427654
v3_hedge,"V2, panel part advanced by hedge {muni 6m, muni 2m, national 2m}",735.0156059582273,792.5348581284363,759.666714031174,0.42086453352343556,2.3320410239957337,9.328770748414854,-132.58770656068953
v3_hedge_ef,hedge + error feedback  [robust alternative],730.1426533078492,792.9833808296922,757.0743936743534,0.43204272155363765,2.31658022915471,4.45581809803673,-132.13918385943361
residual_lgbm,V2 + LightGBM residual,846.9790488626749,1073.6690416163028,944.1319028999441,0.2970735232315437,2.6872761236649163,121.29221365286242,148.54647692717697
residual_catboost,V2 + CatBoost residual,833.2541535561236,1024.4467042826352,915.1938181532,0.3208091522237634,2.643730083763904,107.56731834631114,99.32413959350936
pooled_lgbm_direct,"pooled LightGBM, direct YoY target",798.7565314409276,1136.99336320981,943.7151736275916,0.36564421535438274,2.534276802295059,73.06969623111513,211.87079852068416
lowrank_factor4,rank-4 SVD factor model,884.1215791418199,892.8982694609539,887.8830178500201,0.3213563304862085,2.8051211104159766,158.43474393200745,-32.22429522817197
