category,window,model,n,MAE,R2_level,R2_growth,wMAPE_pct
Все категории,exact,seasonal_naive,24192,4205.640955687831,0.8421226350715914,-9.277898205217106,13.343563267713858
Все категории,exact,seasonal_growth1,24192,976.8904925447627,0.9873230085371772,0.044338389378950294,3.099456237525462
Все категории,exact,local_sng2,24192,945.6059493292628,0.9881140057340865,0.15959690092261936,3.0001973407019036
Все категории,exact,factor_only6,24192,1001.4574244578382,0.9828868909415824,0.1490075896892984,3.1774016479229905
Все категории,exact,v2_ensemble,24192,725.6868352098124,0.9915081745709174,0.42744894719296966,2.302442909462651
Все категории,exact,v3_hedge_no_ef,24192,735.0156059582273,0.9914791044385854,0.42086453352343556,2.3320410239957337
Все категории,exact,common_national2,24192,745.6538157595803,0.9914386762262807,0.41201329856029056,2.3657936973777987
Все категории,exact,v3,24192,719.8701916916846,0.9916981879865168,0.437625194874374,2.283987993408795
Все категории,exact,v3_hedge,24192,730.1426533078492,0.9916714575242923,0.43204272155363765,2.31658022915471
Все категории,exact,common_weekly2,24192,719.3755352110093,0.9918371146233557,0.4314473194325642,2.282418558424872
Все категории,other,seasonal_naive,18144,4509.13778659612,0.8280932747827141,-9.739255261779332,13.84283700364459
Все категории,other,seasonal_growth1,18144,963.8768529016326,0.9879200231955172,0.09118414397112307,2.959055765819807
Все категории,other,local_sng2,18144,924.8038069547541,0.9889475932293283,0.16660746090396739,2.839103386478821
Все категории,other,factor_only6,18144,1431.473908850994,0.9718004019023545,-0.4262935243171577,4.394556328284845
Все категории,other,v2_ensemble,18144,925.1225646891259,0.988403130902722,0.26152659555948143,2.840081957453892
Все категории,other,v3_hedge_no_ef,18144,792.5348581284363,0.9907685458220833,0.4117870076253739,2.4330440496608388
Все категории,other,common_national2,18144,765.9863267425533,0.991382839416395,0.4600343889347117,2.3515413300603476
Все категории,other,v3,18144,921.6661864936925,0.988476170990661,0.26552174103378745,2.829471041964779
Все категории,other,v3_hedge,18144,792.9833808296922,0.9907905549542447,0.416824564000733,2.4344209928681138
Все категории,other,common_weekly2,18144,757.7225707829983,0.9913670918117947,0.4585336798919315,2.3261719951231754
Все категории,apr_nov,seasonal_naive,42336,4335.711026077097,0.8362020066259943,-9.450032227988363,13.561575138807617
Все категории,apr_nov,seasonal_growth1,42336,971.3132184119927,0.9876127038676128,0.06710878392069553,3.03814924832056
Все категории,apr_nov,local_sng2,42336,936.6907454544732,0.9885071804043696,0.16485051883329693,2.929854376803358
Все категории,apr_nov,factor_only6,42336,1185.7502034834763,0.977998714439233,-0.09731155024293758,3.708881976607923
Все категории,apr_nov,v2_ensemble,42336,811.1592907009467,0.9901463189415843,0.3572740264468198,2.5372073009985634
Все категории,apr_nov,v3_hedge_no_ef,42336,759.666714031174,0.9911802577890503,0.41847535804093716,2.376144803198804
Все категории,apr_nov,common_national2,42336,754.3677490379972,0.9914305503350471,0.4343182870361242,2.359570287166563
Все категории,apr_nov,v3,42336,806.3541894639739,0.9902840361377976,0.3647526540725188,2.522177530545031
Все категории,apr_nov,v3_hedge,42336,757.0743936743534,0.9912966179788195,0.42697076008502943,2.3680363413821746
Все категории,apr_nov,common_weekly2,42336,735.809979027576,0.9916443491691549,0.4446555475507641,2.3015238465962953
Все категории,feb_mar,seasonal_naive,12096,4489.988591269841,0.7843758310568945,-8.539316188685154,14.791318779024502
Все категории,feb_mar,seasonal_growth1,12096,1402.8365320409337,0.9726461254949005,-0.9287445805741852,4.621348566591857
Все категории,feb_mar,local_sng2,12096,1603.5787090886622,0.966442151810044,-1.3679895266763369,5.282651256509957
Все категории,feb_mar,factor_only6,12096,2412.9970560063703,0.9327977453642311,-1.8597482666516187,7.949108988302297
Все категории,feb_mar,v2_ensemble,12096,1898.2096817790211,0.960077409861238,-1.270524995106452,6.253250747054465
Все категории,feb_mar,v3_hedge_no_ef,12096,1466.971390734522,0.9734682238526208,-0.5675324127975008,4.832627308286001
Все категории,feb_mar,common_national2,12096,966.5786228862618,0.986631242628263,0.20531230181441062,3.184189056493302
Все категории,feb_mar,v3,12096,1898.2096817790211,0.960077409861238,-1.270524995106452,6.253250747054465
Все категории,feb_mar,v3_hedge,12096,1466.971390734522,0.9734682238526208,-0.5675324127975008,4.832627308286001
Все категории,feb_mar,common_weekly2,12096,1016.5002754853253,0.9852522099475954,0.10770530507695619,3.348645393643957
Здоровье,exact,seasonal_naive,24192,186.60011574074073,0.8970781836223287,-0.9731562038348329,12.348990740288105
Здоровье,exact,seasonal_growth1,24192,113.91648430268509,0.954004621934614,-0.255266414464165,7.538867831006894
Здоровье,exact,local_sng2,24192,98.3508804264083,0.9651102151015876,0.02136540084274141,6.508753260219588
Здоровье,exact,factor_only6,24192,102.19848041160151,0.952448217280198,0.11476094573721352,6.763383201904612
Здоровье,exact,v2_ensemble,24192,89.72166247654653,0.9697936611768435,0.2833322465391066,5.937681092682314
Здоровье,exact,v3_hedge_no_ef,24192,90.17803496995352,0.9686934089557657,0.2943899991726301,5.967883323119488
Здоровье,exact,common_national2,24192,97.59619993429628,0.9629846627757155,0.24792416604560263,6.458809334022265
Здоровье,exact,v3,24192,86.67529009428372,0.9720047673026813,0.3399874770350694,5.736075513871737
Здоровье,exact,v3_hedge,24192,87.1567891856183,0.970986666214245,0.3506423372280316,5.767940594966376
Здоровье,exact,common_weekly2,24192,94.78405208247742,0.9649966580078737,0.2666743106409385,6.27270447741713
Здоровье,other,seasonal_naive,18144,166.58212081128747,0.912561072255339,-0.7109327702890795,11.547524356763184
Здоровье,other,seasonal_growth1,18144,111.75532544888642,0.95351770402619,-0.21467223741028008,7.746913872473456
Здоровье,other,local_sng2,18144,104.57360287814349,0.9602297691206928,-0.08365591898292979,7.24907463315246
Здоровье,other,factor_only6,18144,106.72368465249687,0.9488243717239875,-0.02351453850294316,7.398118969588209
Здоровье,other,v2_ensemble,18144,91.17851659959231,0.9696827051122939,0.24022895666603983,6.320523091671347
Здоровье,other,v3_hedge_no_ef,18144,93.15233403420272,0.9682402519576139,0.22994279599028355,6.457348729326592
Здоровье,other,common_national2,18144,105.02159078745817,0.9620690189167694,0.14868699523874052,7.2801292941758176
Здоровье,other,v3,18144,90.25222409979783,0.9701193607258529,0.25886405561133774,6.256312207869589
Здоровье,other,v3_hedge,18144,92.51113563958138,0.968567907918036,0.25180716063222963,6.412900657448606
Здоровье,other,common_weekly2,18144,103.10308307808724,0.962961058738459,0.16531656092305336,7.1471377438539445
Здоровье,apr_nov,seasonal_naive,42336,178.02097505668934,0.903865535386434,-0.8513794134032873,12.014576084363613
Здоровье,apr_nov,seasonal_growth1,42336,112.9902733653428,0.9539016005057638,-0.23202544886819165,7.625675770558272
Здоровье,apr_nov,local_sng2,42336,101.01776147715194,0.9631217698081682,-0.019232668317444634,6.8176549462941045
Здоровье,apr_nov,factor_only6,42336,104.13785365769954,0.9510203025436366,0.05944432636402741,7.028228924340679
Здоровье,apr_nov,v2_ensemble,42336,90.34602852928043,0.9698144307290293,0.26812546858220976,6.09742325779008
Здоровье,apr_nov,v3_hedge_no_ef,42336,91.45273456891746,0.9685717357722827,0.26996214569838295,6.172114478372428
Здоровье,apr_nov,common_national2,42336,100.77851029993708,0.9626799470688175,0.20876422588356536,6.801507964338713
Здоровье,apr_nov,v3,42336,88.20826181093263,0.9712691563835288,0.30818432254458406,5.9531460967418885
Здоровье,apr_nov,v3_hedge,42336,89.45150909445964,0.9700274822893964,0.31118045185187637,6.0370524402211165
Здоровье,apr_nov,common_weekly2,42336,98.34935108059591,0.9642131653513933,0.22651666369262036,6.637564820827034
Здоровье,feb_mar,seasonal_naive,12096,188.79406415343917,0.8872659321472228,-0.8495097230451902,12.966793151856953
Здоровье,feb_mar,seasonal_growth1,12096,130.1124991626214,0.9437115610736547,-0.8850634480025363,8.936413709181432
Здоровье,feb_mar,local_sng2,12096,124.08310301318872,0.9481288558081059,-0.7412881729842749,8.52230146973753
Здоровье,feb_mar,factor_only6,12096,166.31068960983012,0.8974239908782761,-0.42104967582189445,11.4225853486616
Здоровье,feb_mar,v2_ensemble,12096,133.71715435889416,0.9427785879879381,-0.26181813678322774,9.183989386538785
Здоровье,feb_mar,v3_hedge_no_ef,12096,113.39303930583331,0.9571374546645315,0.01161535836880423,7.788084292439028
Здоровье,feb_mar,common_national2,12096,95.49503739408561,0.9680138431845181,0.26492719619868565,6.558810005337745
Здоровье,feb_mar,v3,12096,133.71715435889416,0.9427785879879381,-0.26181813678322774,9.183989386538785
Здоровье,feb_mar,v3_hedge,12096,113.39303930583331,0.9571374546645315,0.01161535836880423,7.788084292439028
Здоровье,feb_mar,common_weekly2,12096,95.18880843937332,0.9683351511309501,0.26066755139425235,6.537777524625659
Маркетплейсы,exact,seasonal_naive,24192,1687.9428323412699,-0.1898716178915767,-4.81822635907853,32.272156107194604
Маркетплейсы,exact,seasonal_growth1,24192,590.1907019566752,0.7310586779466336,0.4426719957913382,11.28398788254086
Маркетплейсы,exact,local_sng2,24192,616.7001767259409,0.7118090650197912,0.44636899940490704,11.790828453016124
Маркетплейсы,exact,factor_only6,24192,575.4388774139442,0.7808381014071245,0.561203973551187,11.00194445347009
Маркетплейсы,exact,v2_ensemble,24192,569.0914773681372,0.783048115581017,0.5665938366770292,10.880587093950416
Маркетплейсы,exact,v3_hedge_no_ef,24192,378.0023004509068,0.8880654725241213,0.7287298735506551,7.227110430102497
Маркетплейсы,exact,common_national2,24192,480.19819736898773,0.8656396407749972,0.5768094337801661,9.181016614401674
Маркетплейсы,exact,v3,24192,567.5548534674678,0.7842979141207773,0.5733746222522583,10.851208038303332
Маркетплейсы,exact,v3_hedge,24192,376.1924086699598,0.8893772791322163,0.7342357943699358,7.192506704802847
Маркетплейсы,exact,common_weekly2,24192,493.672782520024,0.8597538286285249,0.5559402905194578,9.438640218200366
Маркетплейсы,other,seasonal_naive,18144,1748.226741622575,0.0012989304417053704,-5.384487907689458,33.92757725296634
Маркетплейсы,other,seasonal_growth1,18144,471.9296121018357,0.8674914708306651,0.568515551880113,9.158668032778655
Маркетплейсы,other,local_sng2,18144,438.6035021824122,0.8823609532223546,0.6297672425593668,8.511913157159558
Маркетплейсы,other,factor_only6,18144,451.5432152408947,0.8835115544799369,0.6754483712559667,8.763032250564699
Маркетплейсы,other,v2_ensemble,18144,398.2934884501391,0.9090619570731503,0.7273546258142701,7.729622695396855
Маркетплейсы,other,v3_hedge_no_ef,18144,314.30606372641614,0.9437303675303766,0.7841967276673935,6.099691192377333
Маркетплейсы,other,common_national2,18144,548.0700565466702,0.8727329187050703,0.4880813239223347,10.63631435260312
Маркетплейсы,other,v3,18144,396.7354993076802,0.9098989453594633,0.7296906245953831,7.699387031033892
Маркетплейсы,other,v3_hedge,18144,312.42289792387356,0.9441797135311529,0.7857895480594024,6.0631448727697235
Маркетплейсы,other,common_weekly2,18144,557.0299309510134,0.8697196010888781,0.469184269667137,10.810197307138006
Маркетплейсы,apr_nov,seasonal_naive,42336,1713.778793461829,-0.09560318040931115,-5.028910522262473,32.975575344500825
Маркетплейсы,apr_nov,seasonal_growth1,42336,539.5073777331726,0.7980470132826393,0.5003797118926445,10.380899945329231
Маркетплейсы,apr_nov,local_sng2,42336,540.373030493,0.7955259836189607,0.5289480268997864,10.397556352744687
Маркетплейсы,apr_nov,factor_only6,42336,522.3407364826372,0.8312589727868758,0.6131975598990096,10.050589012477994
Маркетплейсы,apr_nov,v2_ensemble,42336,495.89233926042385,0.8449051328007029,0.6386745853792792,9.541683709956052
Маркетплейсы,apr_nov,v3_hedge_no_ef,42336,350.7039132832679,0.9153979641689227,0.7543158910440364,6.74804902488208
Маркетплейсы,apr_nov,common_national2,42336,509.28613701656593,0.8691822379642843,0.5409232717011099,9.799399693338307
Маркетплейсы,apr_nov,v3,42336,494.34655882755874,0.8459520253680555,0.643493056219967,9.511940665331819
Маркетплейсы,apr_nov,v3_hedge,42336,348.86261835020855,0.9162864965876419,0.7580969580070954,6.712619855126808
Маркетплейсы,apr_nov,common_weekly2,42336,520.8258461333052,0.8647069281505106,0.5210298592545877,10.021440337606046
Маркетплейсы,feb_mar,seasonal_naive,12096,1721.8402777777778,-0.7614440889744922,-8.289782068982666,39.990800382823274
Маркетплейсы,feb_mar,seasonal_growth1,12096,330.74998707921725,0.8827235598957874,0.48306915741168654,7.681872053183227
Маркетплейсы,feb_mar,local_sng2,12096,334.1580217460165,0.8798535554970212,0.41547215881639776,7.761025756239591
Маркетплейсы,feb_mar,factor_only6,12096,289.12302499203736,0.9200909818885281,0.7038136135751732,6.7150602339590675
Маркетплейсы,feb_mar,v2_ensemble,12096,272.28683364996954,0.924828803668269,0.6660794025990209,6.324029326007136
Маркетплейсы,feb_mar,v3_hedge_no_ef,12096,383.1366964777595,0.8763900945282945,0.4839672814572914,8.89858562720525
Маркетплейсы,feb_mar,common_national2,12096,694.3495957198749,0.6771575842117424,-0.22855721081053737,16.12669678871995
Маркетплейсы,feb_mar,v3,12096,272.28683364996954,0.924828803668269,0.6660794025990209,6.324029326007136
Маркетплейсы,feb_mar,v3_hedge,12096,383.1366964777595,0.8763900945282945,0.4839672814572914,8.89858562720525
Маркетплейсы,feb_mar,common_weekly2,12096,710.2795234875277,0.6638423979445701,-0.2775700539494921,16.49667916727784
Общественное питание,exact,seasonal_naive,24192,241.06369874338625,0.9366841419314444,-0.786654739505789,18.2052938084314
Общественное питание,exact,seasonal_growth1,24192,96.97566809367332,0.9883531862937165,0.16136423394268407,7.323668138825014
Общественное питание,exact,local_sng2,24192,96.20637307534706,0.9867504233107385,0.19734867980544846,7.265570457975518
Общественное питание,exact,factor_only6,24192,127.69430828943733,0.977173112533634,0.31878937055279233,9.643560653021815
Общественное питание,exact,v2_ensemble,24192,78.95375491944614,0.9918826854460363,0.4691676196840242,5.962641049150659
Общественное питание,exact,v3_hedge_no_ef,24192,80.49493309855593,0.9915790220188281,0.48301090139309066,6.079031869121046
Общественное питание,exact,common_national2,24192,85.17417135228047,0.9906882842934207,0.48021616543250734,6.432411111424089
Общественное питание,exact,v3,24192,78.44099629184676,0.9921471413613081,0.4708149741029183,5.923917170288285
Общественное питание,exact,v3_hedge,24192,79.91835449637826,0.9918527284756304,0.48473164398628843,6.035488262551427
Общественное питание,exact,common_weekly2,24192,84.44717529632446,0.9907990787161538,0.47735426263790637,6.37750787686309
Общественное питание,other,seasonal_naive,18144,263.5587522045855,0.9247720278265685,-0.727142521320179,19.543239244671323
Общественное питание,other,seasonal_growth1,18144,97.95393096247712,0.9723106784027468,0.05560594118570539,7.263416948755768
Общественное питание,other,local_sng2,18144,96.48786887714483,0.9742054501705542,0.061042056866261074,7.154706455017544
Общественное питание,other,factor_only6,18144,146.55527508812742,0.9718531131167701,-0.002903173943072712,10.867272589728328
Общественное питание,other,v2_ensemble,18144,100.05538967248049,0.9854158077456878,0.29341277220188056,7.419242964734605
Общественное питание,other,v3_hedge_no_ef,18144,92.96079755738087,0.9866703037025975,0.3811151199949373,6.8931693288224
Общественное питание,other,common_national2,18144,95.75006762107486,0.9852175234381494,0.4238698278862332,7.099997490349196
Общественное питание,other,v3,18144,100.35277881945476,0.9852703606619884,0.2876542690349053,7.441294773674629
Общественное питание,other,v3_hedge,18144,92.86792788249832,0.9866879528348361,0.37422646297625517,6.88628291636361
Общественное питание,other,common_weekly2,18144,93.95279735148756,0.9858647892025969,0.41911576337044254,6.9667274601488165
Общественное питание,apr_nov,seasonal_naive,42336,250.70443594104307,0.931427402686457,-0.7590103469952301,18.78470223662033
Общественное питание,apr_nov,seasonal_growth1,42336,97.39492360887496,0.9812682147418369,0.11274204393084786,7.297575858535436
Общественное питание,apr_nov,local_sng2,42336,96.32701413326039,0.9812104042612889,0.13464699383819234,7.217559877008078
Общественное питание,apr_nov,factor_only6,42336,135.77757977459024,0.9748250226970552,0.17065688399752776,10.17349931165334
Общественное питание,apr_nov,v2_ensemble,42336,87.99731267074657,0.989026926779023,0.38825623146014776,6.593434655186876
Общественное питание,apr_nov,v3_hedge_no_ef,42336,85.83744643805234,0.9894115123254463,0.43612793233737035,6.431600885075073
Общественное питание,apr_nov,common_national2,42336,89.70669832462092,0.9882725917571731,0.4543202031556067,6.721514959769645
Общественное питание,apr_nov,v3,42336,87.83176023225019,0.9891103120870777,0.3864911707753367,6.58103019473117
Общественное питание,apr_nov,v3_hedge,42336,85.46817166185828,0.9895720998546921,0.4338817252396029,6.403931982096703
Общественное питание,apr_nov,common_weekly2,42336,88.52101331996579,0.9886203328709674,0.45058685681131727,6.632674330862264
Общественное питание,feb_mar,seasonal_naive,12096,259.12301587301585,0.9160673310048877,-0.4147350051799281,21.026034404630575
Общественное питание,feb_mar,seasonal_growth1,12096,110.99429748100498,0.9698989407562265,-0.5251809087953847,9.00641693170584
Общественное питание,feb_mar,local_sng2,12096,122.59327136909211,0.9626901656834477,-0.6524451231702504,9.947593164961965
Общественное питание,feb_mar,factor_only6,12096,246.89405881454678,0.9189379933159945,-0.15532322777711238,20.033739409229135
Общественное питание,feb_mar,v2_ensemble,12096,173.05681965266533,0.963807477932578,-0.14111226103307772,14.042359887305597
Общественное питание,feb_mar,v3_hedge_no_ef,12096,135.40255758067374,0.9755339441197478,0.07480479501726467,10.986977843609965
Общественное питание,feb_mar,common_national2,12096,89.93956393604894,0.9847445721000067,0.34968081741933577,7.297971425986964
Общественное питание,feb_mar,v3,12096,173.05681965266533,0.963807477932578,-0.14111226103307772,14.042359887305597
Общественное питание,feb_mar,v3_hedge,12096,135.40255758067374,0.9755339441197478,0.07480479501726467,10.986977843609965
Общественное питание,feb_mar,common_weekly2,12096,91.35560488659111,0.9847813307919989,0.33599490997471626,7.41287332169142
Продовольствие,exact,seasonal_naive,24192,1031.8610284391534,0.8524950957559623,-2.361717969893896,8.276990090218023
Продовольствие,exact,seasonal_growth1,24192,472.76308447299016,0.959567299229913,-0.0009608434653975984,3.792230985913807
Продовольствие,exact,local_sng2,24192,487.56575103161475,0.9582414703456387,-0.022407772325431674,3.9109693828856065
Продовольствие,exact,factor_only6,24192,436.85598564967955,0.9649941552142848,0.15781325645287392,3.504205086167806
Продовольствие,exact,v2_ensemble,24192,412.8322690944328,0.9699298261384081,0.2358252660745923,3.311500779698585
Продовольствие,exact,v3_hedge_no_ef,24192,455.30628565567076,0.9648787108367535,0.11628430498291042,3.652202680904125
Продовольствие,exact,common_national2,24192,566.2370925850161,0.9508205224414292,-0.19105428731863894,4.5420252096636
Продовольствие,exact,v3,24192,411.03522452838666,0.9702659008404573,0.2405017145616164,3.297085931521459
Продовольствие,exact,v3_hedge,24192,453.5454547131059,0.9652300899655148,0.12144017883186564,3.638078317389588
Продовольствие,exact,common_weekly2,24192,512.807403544645,0.9580688479987435,-0.02968249131543721,4.113443264496494
Продовольствие,other,seasonal_naive,18144,1302.6844135802467,0.7940379761479872,-2.884152998217055,9.727123030310967
Продовольствие,other,seasonal_growth1,18144,442.01710794555333,0.9634498339268642,0.2986192166897913,3.300534454597421
Продовольствие,other,local_sng2,18144,421.58131819739566,0.9666649733421071,0.3525861499943804,3.1479407496066822
Продовольствие,other,factor_only6,18144,438.474322776938,0.9680121431300389,0.44308287088664644,3.2740805361764806
Продовольствие,other,v2_ensemble,18144,379.9433411852044,0.9747433563022065,0.5192369051121202,2.8370306620147776
Продовольствие,other,v3_hedge_no_ef,18144,399.3151685382348,0.9723602693316028,0.4803663767024928,2.981679777349619
Продовольствие,other,common_national2,18144,507.7602739972828,0.9604010298433532,0.28496270262584067,3.7914375911673766
Продовольствие,other,v3,18144,380.4424540584058,0.9747788289096381,0.520761908649626,2.840757529606828
Продовольствие,other,v3_hedge,18144,399.7714374429623,0.9723953192964375,0.48286866195790057,2.9850867297357246
Продовольствие,other,common_weekly2,18144,481.47815368786894,0.9630135327444695,0.3332645977840908,3.5951894323024933
Продовольствие,apr_nov,seasonal_naive,42336,1147.9281934996218,0.829712230688568,-2.5189605444773853,8.924031719678121
Продовольствие,apr_nov,seasonal_growth1,42336,459.5862373898029,0.9621191626602846,0.1647051377701937,3.5728386005491646
Продовольствие,apr_nov,local_sng2,42336,459.28670838837803,0.9628274764341525,0.1790188636443255,3.5705100521915103
Продовольствие,apr_nov,factor_only6,42336,437.5495587042189,0.9670517395038174,0.31270520898592225,3.4015247320510205
Продовольствие,apr_nov,v2_ensemble,42336,398.737014276192,0.9726788239791667,0.38783872848869483,3.099794728764676
Продовольствие,apr_nov,v3_hedge_no_ef,42336,431.310092605341,0.9689112049034425,0.309041278135225,3.3530189163601536
Продовольствие,apr_nov,common_national2,42336,541.1755989045589,0.9560712852533437,0.06188359994565262,4.20711699380496
Продовольствие,apr_nov,v3,42336,397.9240371841091,0.9728751081511355,0.3909233366385624,3.0934746179788255
Продовольствие,apr_nov,v3_hedge,42336,430.49944731161577,0.9691155269802143,0.3128253821247402,3.34671693305181
Продовольствие,apr_nov,common_weekly2,42336,499.3805821774553,0.9611210788991029,0.1663074860773157,3.8822011522834905
Продовольствие,feb_mar,seasonal_naive,12096,1527.054150132275,0.6716885891186619,-6.685644204855068,11.86263779599594
Продовольствие,feb_mar,seasonal_growth1,12096,439.95007529382394,0.9559062630281713,-0.15615990715960226,3.4176708082550333
Продовольствие,feb_mar,local_sng2,12096,500.54878210259574,0.9478106656177153,-0.3775245219932364,3.888420656723697
Продовольствие,feb_mar,factor_only6,12096,533.4981496726252,0.9517190036797158,-0.09236055907000384,4.144381725986721
Продовольствие,feb_mar,v2_ensemble,12096,490.0615243345765,0.9565982969365345,-0.06570601945507648,3.806952333963512
Продовольствие,feb_mar,v3_hedge_no_ef,12096,364.96368570272125,0.9715187219049162,0.30057578702136256,2.8351529065344963
Продовольствие,feb_mar,common_national2,12096,322.33161132607296,0.9764646016379596,0.4971498283606156,2.5039735198845
Продовольствие,feb_mar,v3,12096,490.0615243345765,0.9565982969365345,-0.06570601945507648,3.806952333963512
Продовольствие,feb_mar,v3_hedge,12096,364.96368570272125,0.9715187219049162,0.30057578702136256,2.8351529065344963
Продовольствие,feb_mar,common_weekly2,12096,309.1506167912958,0.9776608401742608,0.5028495959804935,2.4015794011536618
Транспорт,exact,seasonal_naive,24192,223.46267361111111,0.920904594586984,-0.7383613432940712,11.838339271654286
Транспорт,exact,seasonal_growth1,24192,122.07350135784068,0.9723148863251782,0.034171365713611235,6.46706450701399
Транспорт,exact,local_sng2,24192,117.5709086974017,0.9753206053505435,0.1688065279657911,6.228531517790473
Транспорт,exact,factor_only6,24192,116.54033597560883,0.9745727697247532,0.24709622648143725,6.173935064040314
Транспорт,exact,v2_ensemble,24192,90.45893296031883,0.9850230629588385,0.43161939903837876,4.792225570520686
Транспорт,exact,v3_hedge_no_ef,24192,94.89561150777337,0.9837103780061502,0.4410453078628823,5.027266640401744
Транспорт,exact,common_national2,24192,112.61156583460351,0.9775096563069448,0.37608136920380086,5.965801360554304
Транспорт,exact,v3,24192,90.08855541242862,0.9851616809274741,0.4365362171328735,4.772604150085351
Транспорт,exact,v3_hedge,24192,94.502082787942,0.9838344938523621,0.4488714336427887,5.006418744763428
Транспорт,exact,common_weekly2,24192,107.00765448162619,0.9796251847703553,0.40060891973419077,5.668924021834759
Транспорт,other,seasonal_naive,18144,240.426917989418,0.9065796120988749,-0.7879521590182517,12.704067707406878
Транспорт,other,seasonal_growth1,18144,110.99475400549204,0.975455576312836,0.13713374681783186,5.864920957456204
Транспорт,other,local_sng2,18144,112.71498872419629,0.9755839715632446,0.08212181814691266,5.9558175114768845
Транспорт,other,factor_only6,18144,146.91982384330345,0.9626080022309292,-0.009309404394713283,7.763188104202911
Транспорт,other,v2_ensemble,18144,109.41985927473029,0.9794513198302537,0.302935934233303,5.781704113606314
Транспорт,other,v3_hedge_no_ef,18144,91.68307865367937,0.9839571439026067,0.43375229099955626,4.844499312223923
Транспорт,other,common_national2,18144,105.6091902535669,0.9792060155643317,0.4185868429218327,5.580349799121826
Транспорт,other,v3,18144,108.95687225702059,0.9795614440235294,0.30704818741846884,5.757240054133185
Транспорт,other,v3_hedge,18144,91.2731320033303,0.9840823141661684,0.4385568411419394,4.822837885766306
Транспорт,other,common_weekly2,18144,101.69384941258915,0.980613229380383,0.43343238613914514,5.373464665138842
Транспорт,apr_nov,seasonal_naive,42336,230.73306405895693,0.9146709508683164,-0.7592691923782446,12.20991557918113
Транспорт,apr_nov,seasonal_growth1,42336,117.3254667782627,0.9736818429318038,0.07898819365761034,6.208620556803106
Транспорт,apr_nov,local_sng2,42336,115.48980013745653,0.9754353608913908,0.1315806837864143,6.111480882404143
Транспорт,apr_nov,factor_only6,42336,129.5601164903351,0.9693659622932131,0.13646089119946836,6.856052864498228
Транспорт,apr_nov,v2_ensemble,42336,98.58504423792373,0.982598379064355,0.37615293471605904,5.216916233588926
Транспорт,apr_nov,v3_hedge_no_ef,42336,93.51881171316167,0.9838178612890192,0.43806380490750374,4.94882170763039
Транспорт,apr_nov,common_national2,42336,109.61054772844497,0.9782480242502126,0.39465215254543073,5.800363029072182
Транспорт,apr_nov,v3,42336,98.17497691725374,0.982724596021134,0.38072035577449215,5.195216320801904
Транспорт,apr_nov,v3_hedge,42336,93.11824673739413,0.9839424352981275,0.4445810284163324,4.927624639242963
Транспорт,apr_nov,common_weekly2,42336,104.7303094520389,0.9800552888367566,0.41498576849043667,5.542110933282474
Транспорт,feb_mar,seasonal_naive,12096,233.42294973544975,0.8967251783857083,-0.4275872111295205,13.479422102606028
Транспорт,feb_mar,seasonal_growth1,12096,150.6797987375819,0.9547743891373005,-0.7311591702023976,8.701272140642184
Транспорт,feb_mar,local_sng2,12096,158.30249438806499,0.9515305075042665,-0.879959013508554,9.141458216385857
Транспорт,feb_mar,factor_only6,12096,242.88404121059162,0.8900977092023112,-0.5771671081608409,14.025769604808966
Транспорт,feb_mar,v2_ensemble,12096,186.6419735892025,0.9432051316839001,-0.42222434706901235,10.777971690117113
Транспорт,feb_mar,v3_hedge_no_ef,12096,141.28421476065077,0.9640136621601489,0.007977171503794067,8.158707485071375
Транспорт,feb_mar,common_national2,12096,110.92132571682232,0.9733606718805288,0.39449734563618377,6.405348622370824
Транспорт,feb_mar,v3,12096,186.6419735892025,0.9432051316839001,-0.42222434706901235,10.777971690117113
Транспорт,feb_mar,v3_hedge,12096,141.28421476065077,0.9640136621601489,0.007977171503794067,8.158707485071375
Транспорт,feb_mar,common_weekly2,12096,108.8448437414867,0.974471479072808,0.38900245902602415,6.285438489002515
