task,method,PR_AUC,precision,recall,F1,false_alarms_per_100,alarms_per_100,threshold,n_rows,positives
detect,jump_raw,0.38929244605212904,0.3511111111111111,0.5642857142857143,0.4328767123287671,1.4484126984126984,2.232142857142857,3.2512005227520384,10080,140
detect,jump_seasonal,0.10023770306942924,0.066815144766147,0.42857142857142855,0.11560693641618498,8.313492063492063,8.908730158730158,3.2512005227520384,10080,140
detect,cusum,0.03846099615622998,0.04287245444801715,0.2857142857142857,0.07455731593662628,8.859126984126984,9.255952380952381,10.294202190256431,10080,140
detect,page_hinkley,0.020187079917176297,0.02254249815225425,0.4357142857142857,0.04286718200983837,26.240079365079364,26.845238095238095,7.042424237148749,10080,140
detect,bocpd,0.3784387611454303,0.37058823529411766,0.45,0.40645161290322585,1.0615079365079365,1.6865079365079365,0.9529289480468546,10080,140
detect,pelt,0.316303044944108,0.38271604938271603,0.44285714285714284,0.41059602649006627,0.9920634920634921,1.6071428571428572,2.982241162385016,10080,140
detect,supervised_lgbm,0.49996879674780953,0.3333333333333333,0.6142857142857143,0.4321608040201005,1.7063492063492063,2.5595238095238093,0.7122774042706163,10080,140
predict,jump_raw,0.034811012745117026,0.06097560975609756,0.08928571428571429,0.07246376811594203,1.9097222222222223,2.0337301587301586,3.312626777322115,4032,56
predict,jump_seasonal,0.014723217804083507,0.012759170653907496,0.14285714285714285,0.02342606149341142,15.35218253968254,15.550595238095237,3.312626777322115,4032,56
predict,cusum,0.022925236606353018,0.0,0.0,0.0,1.6369047619047619,1.6369047619047619,17.996727944929297,4032,56
predict,page_hinkley,0.018184479468163435,0.020985401459854013,0.4107142857142857,0.03993055555555556,26.612103174603174,27.182539682539684,7.0589903366838325,4032,56
predict,bocpd,0.03827315558135058,0.11428571428571428,0.07142857142857142,0.0879120879120879,0.7688492063492064,0.8680555555555556,0.9580220697076427,4032,56
predict,pelt,0.021523658108402392,0.04838709677419355,0.05357142857142857,0.05084745762711864,1.4632936507936507,1.5376984126984128,3.034305765883315,4032,56
predict,supervised_lgbm,0.033976602318512315,0.03671071953010279,0.44642857142857145,0.06784260515603799,16.26984126984127,16.889880952380953,0.2629633354636103,4032,56
