task,variant,vs,dPR_AUC,ci95_by_month,p_le0
detect,sup_base_category,sup_base,-0.046106294335958475,"[-0.06878855024685085, -0.018230995475724012]",1.0
detect,sup_base_national,sup_base,-0.017298547397557706,"[-0.02506745289427527, -0.006923900851962918]",0.998
detect,sup_base_weekly,sup_base,-0.014625874456653865,"[-0.021344777533388176, -0.004986211478879359]",0.997
detect,sup_all,sup_base,-0.032609487032171314,"[-0.047468054724465934, -0.011105627547795878]",1.0
detect,sup_category_only,sup_base,-0.3522096442106009,"[-0.40312316981610957, -0.2971253257803625]",1.0
detect,sup_base,jump_raw,0.041093439760811756,"[-0.0030543475511311076, 0.07865633997123818]",0.036
predict,sup_base_category,sup_base,-0.0028995024557578013,"[-0.0082668155398532, -0.0004370780999495942]",0.988
predict,sup_base_national,sup_base,0.0032380843698758717,"[-0.0026107804497799494, 0.009776755473882633]",0.116
predict,sup_base_weekly,sup_base,0.00163133368025686,"[-0.0006345893289271665, 0.011987613261502307]",0.101
predict,sup_all,sup_base,0.0016449693945478489,"[-0.0014519981636409093, 0.006557194749133686]",0.186
predict,sup_category_only,sup_base,-0.01078851091110553,"[-0.021273258405551988, -0.003796684283201436]",0.995
predict,sup_base,jump_raw,-0.008901854604971081,"[-0.020175078301028052, -0.0010168344297489668]",0.998
