task,method,PR_AUC,lift_vs_base_rate,PR_AUC_median_month,precision,recall,F1,false_alarms_per_100,alarms_per_100,positives,rows,base_rate,months,events,detected_share,median_delay_months
detect,sup_base,0.38330339358009524,21.113104957854425,0.4226384539364302,0.3232484076433121,0.5546448087431693,0.4084507042253521,2.1081349206349205,3.115079365079365,366,20160,0.018154761904761906,10,106.0,0.8207547169811321,1.0
detect,sup_base_category,0.33719709924413677,18.57347956492294,0.3734888192364122,0.32084690553745926,0.5382513661202186,0.4020408163265306,2.068452380952381,3.0456349206349205,366,20160,0.018154761904761906,10,106.0,0.8113207547169812,1.0
detect,sup_base_national,0.36600484618253754,20.16026693726764,0.404174729960666,0.30866141732283464,0.5355191256830601,0.3916083916083916,2.177579365079365,3.1498015873015874,366,20160,0.018154761904761906,10,106.0,0.8018867924528302,1.0
detect,sup_base_weekly,0.3686775191234414,20.307483020569883,0.4154462405391664,0.32131147540983607,0.5355191256830601,0.4016393442622951,2.0535714285714284,3.0257936507936507,366,20160,0.018154761904761906,10,106.0,0.8207547169811321,1.0
detect,sup_all,0.35069390654792393,19.316910262311875,0.36787772030301313,0.3467889908256881,0.5163934426229508,0.41492864983534583,1.7658730158730158,2.703373015873016,366,20160,0.018154761904761906,10,106.0,0.8113207547169812,1.0
detect,sup_category_only,0.031093749369494342,1.7127048833032947,0.03847821377809445,0.03151176705225369,0.21584699453551912,0.054994778976679426,12.043650793650794,12.435515873015873,366,20160,0.018154761904761906,10,106.0,0.44339622641509435,0.0
detect,jump_raw,0.3422099538192835,18.849597456275287,0.3763532241875248,0.3258620689655172,0.5163934426229508,0.3995771670190275,1.939484126984127,2.876984126984127,366,20160,0.018154761904761906,10,106.0,0.7169811320754716,0.0
detect,bocpd,0.29477879567393445,16.23699595843311,0.33183107115862176,0.3177966101694915,0.4098360655737705,0.35799522673031026,1.5972222222222223,2.3412698412698414,366,20160,0.018154761904761906,10,106.0,0.6509433962264151,0.0
detect,pelt,0.2654638577064458,14.622271506453409,0.278772018241251,0.41025641025641024,0.39344262295081966,0.401673640167364,1.0267857142857142,1.7410714285714286,366,20160,0.018154761904761906,10,106.0,0.6981132075471698,1.0
detect,cusum,0.04254420208799834,2.343418344519253,0.04471214883212572,0.05146316851664985,0.2786885245901639,0.08688245315161841,9.325396825396826,9.831349206349206,366,20160,0.018154761904761906,10,106.0,0.44339622641509435,0.0
detect,page_hinkley,0.03442835202136262,1.896381357242269,0.023927835225602417,0.035259063069028304,0.5819672131147541,0.06648977680661776,28.908730158730158,29.96527777777778,366,20160,0.018154761904761906,10,106.0,0.7830188679245284,0.0
detect,cat_jump_max,0.04483062147531949,2.469358822247106,0.05020134911079571,0.04739990796134377,0.2814207650273224,0.08113430484442695,10.267857142857142,10.778769841269842,366,20160,0.018154761904761906,10,106.0,0.49056603773584906,0.0
predict,sup_base,0.025777082884976793,1.855949967718329,0.03401254083241167,0.027450980392156862,0.1,0.04307692307692308,4.920634920634921,5.059523809523809,140,10080,0.013888888888888888,5,,,
predict,sup_base_category,0.022877580429218992,1.6471857909037675,0.025868106473442766,0.018573551263001486,0.17857142857142858,0.033647375504710635,13.10515873015873,13.353174603174603,140,10080,0.013888888888888888,5,,,
predict,sup_base_national,0.029015167254852665,2.089092042349392,0.02735990316499669,0.029141104294478526,0.1357142857142857,0.04797979797979798,6.279761904761905,6.468253968253968,140,10080,0.013888888888888888,5,,,
predict,sup_base_weekly,0.027408416565233653,1.973405992696823,0.03459457664283003,0.030120481927710843,0.10714285714285714,0.047021943573667714,4.791666666666667,4.940476190476191,140,10080,0.013888888888888888,5,,,
predict,sup_all,0.027422052279524642,1.9743877641257743,0.03125818227969103,0.02677532013969732,0.16428571428571428,0.04604604604604604,8.293650793650794,8.521825396825397,140,10080,0.013888888888888888,5,,,
predict,sup_category_only,0.014988571973871262,1.079177182118731,0.015949482535902074,0.015419407894736841,0.5357142857142857,0.02997601918465228,47.50992063492063,48.25396825396825,140,10080,0.013888888888888888,5,,,
predict,jump_raw,0.034678937489947874,2.496883499276247,0.045630842496638846,0.05993690851735016,0.1357142857142857,0.08315098468271336,2.9563492063492065,3.1448412698412698,140,10080,0.013888888888888888,5,,,
predict,bocpd,0.0351667077623967,2.5320029588925625,0.05713929394707104,0.038922155688622756,0.18571428571428572,0.06435643564356436,6.369047619047619,6.626984126984127,140,10080,0.013888888888888888,5,,,
predict,pelt,0.0190777334637856,1.3735968093925632,0.01966933726895776,0.03225806451612903,0.05,0.0392156862745098,2.0833333333333335,2.1527777777777777,140,10080,0.013888888888888888,5,,,
predict,cusum,0.019221882332382458,1.383975527931537,0.021364794190046138,0.010141987829614604,0.03571428571428571,0.01579778830963665,4.841269841269841,4.890873015873016,140,10080,0.013888888888888888,5,,,
predict,page_hinkley,0.01639320663582331,1.1803108777792786,0.018617806816238508,0.017369727047146403,0.75,0.03395311236863379,58.92857142857143,59.970238095238095,140,10080,0.013888888888888888,5,,,
predict,cat_jump_max,0.017309702969287563,1.2462986137887047,0.01993089595154432,0.01924839596700275,0.15,0.03411860276198213,10.615079365079366,10.823412698412698,140,10080,0.013888888888888888,5,,,
