signal,lag_months,n_months,spearman,p
nat_yoy_Услуги_acc,2,16,-0.538872060973344,0.03125409534524618
nat_yoy_Продовольственные товары_acc,1,16,0.410075716729715,0.11466670184014491
w_mean_acc,1,10,-0.5000092953216654,0.14110470320735116
nat_yoy_Всего_acc,1,16,0.3286527404837427,0.21392069407208386
w_acc_max,1,10,0.42073952899018185,0.2259819755393893
w_intra_mom,1,11,0.38356564258086745,0.24422221754084808
w_mean_acc,3,8,-0.4578645580762859,0.25394134134526347
nat_sa_mom1,1,16,0.2842402079859397,0.28599949848042283
w_mean,2,10,0.3658604599914625,0.29847680928666376
nat_sa_mom3,2,16,-0.27535770148637906,0.3019715646342812
nat_yoy_Общественное питание_acc,1,16,-0.26647519498681843,0.3184589910829085
nat_sa_mom1,2,16,-0.26203394173703815,0.3268949100775182
w_disp_chg,1,10,-0.3353720883255073,0.3434684548824231
w_acc_disp,1,10,0.3292744139923163,0.35285784928578806
nat_yoy_Всего_acc,2,16,-0.2398276754881366,0.370973203861653
nat_yoy_Непродовольственные товары_acc,1,16,0.23686683998828303,0.37708636147332486
nat_yoy_Общественное питание_acc,3,16,-0.22206266248901538,0.40846751480614396
nat_yoy_Непродовольственные товары_acc,2,16,-0.21614099148930827,0.4213946418976959
w_disp,1,11,-0.26027668603701715,0.4395397689851792
nat_sa_mom3,3,16,0.19245430749047998,0.47517141767619675
w_disp_chg,3,8,-0.28917761562712796,0.48726127232443234
w_disp,3,9,0.26051340011296553,0.49839229689525505
w_acc_max,3,8,0.25303041367373696,0.5454291707949449
w_disp,2,10,0.20122325299530439,0.5772183781377628
w_acc_disp,3,8,0.21688321172034594,0.6059163036901004
w_acc_max,2,9,-0.19328413556768412,0.6182981334382578
nat_yoy_Продовольственные товары_acc,3,16,0.12287467324392183,0.6502937990079871
w_mean_acc,2,9,0.16807316136320358,0.6655622186097795
nat_yoy_Непродовольственные товары_acc,3,16,0.11547258449428799,0.6702154805896376
nat_sa_mom1,3,16,-0.10362924249487385,0.7025183075818503
w_mean,1,11,-0.12328895654385025,0.7179900471074789
nat_yoy_Услуги_acc,3,16,-0.08438381174582583,0.7560214137659723
nat_yoy_Всего_acc,3,16,0.08142297624597229,0.7643524049920348
nat_yoy_Продовольственные товары_acc,2,16,0.06809921649663137,0.8021305405839013
w_intra_mom,2,10,0.0731720919982925,0.8407903063461993
nat_yoy_Общественное питание_acc,2,16,-0.03997127924802277,0.8831532101667188
w_disp_chg,2,9,0.042018290340800894,0.9145268818669684
nat_sa_mom3,1,16,0.025167101748755073,0.9262879303471516
w_mean,3,9,-0.025210974204480537,0.948667820369289
w_acc_disp,2,9,0.025210974204480537,0.948667820369289
w_intra_mom,3,9,-0.00840365806816018,0.9828812158521729
nat_yoy_Услуги_acc,1,16,0.001480417749926769,0.9956585204917974
