feature,importance
mo_code,4472
target_month,966
horizon,693
target_sin,355
target_cos,318
y_mean12,215
y_mean3,147
y_relchg6,116
y_std12,112
y_lag0,101
y_slope12,88
y_relchg1,83
y_lag2,82
y_slope3,79
y_slope6,71
Маркетплейсы,66
y_relchg12,66
y_lag6,62
cat__Маркетплейсы__ratio,62
cat__Здоровье__ratio,59
nat_spend,57
y_lag1,57
Продовольствие,56
y_min12,54
nat_spend_lag6,52
nat_spend_chg1,48
y_relchg3,45
Здоровье,45
nat_growth_nominal_lag6,41
cat__Продовольствие__ratio,38
Общественное питание,38
y_std6,37
cat__Общественное питание__ratio,37
nat_spend_chg3,34
nat_growth_real_chg3,34
nat_growth_nominal,33
y_lag12,32
cat__Здоровье__chg3,32
nat_growth_real_lag1,27
Транспорт,26
cat__Транспорт__ratio,26
cat__Общественное питание__chg3,25
nat_growth_nominal_lag12,24
nat_index_sa,23
nat_growth_real_lag6,23
y_max3,22
cat__Транспорт__chg3,21
cat__Маркетплейсы__chg3,21
nat_growth_nominal_lag1,21
y_min3,20
y_mean6,19
nat_growth_nominal_lag3,18
origin_month,17
nat_growth_real,17
nat_spend_lag1,16
y_std3,15
y_max12,14
nat_growth_nominal_chg3,14
cat__Продовольствие__chg3,13
y_max6,12
pulse_mean,12
pulse_std_lag1,11
y_lag3,11
nat_growth_real_lag3,11
pulse_mean_lag3,11
nat_index_sa_chg1,11
nat_spend_lag3,10
y_min6,9
pulse_std_lag3,9
nat_index_sa_lag1,9
pulse_std,9
pulse_median,8
origin_cos,8
nat_index_sa_chg3,8
pulse_median_lag1,7
nat_growth_real_chg1,6
nat_growth_real_lag12,5
pulse_std_chg3,5
origin_sin,5
nat_spend_lag12,4
pulse_mean_chg3,3
nat_growth_nominal_chg1,2
nat_index_sa_lag12,2
pulse_median_chg1,2
pulse_mean_lag6,2
pulse_mean_chg1,1
pulse_mean_lag1,1
pulse_median_lag3,1
nat_index_sa_lag3,0
pulse_median_lag6,0
pulse_mean_lag12,0
nat_index_sa_lag6,0
pulse_std_chg1,0
pulse_median_lag12,0
pulse_std_lag12,0
pulse_std_lag6,0
pulse_median_chg3,0
