horizon_months,model,n,MAE,R2,wMAPE_pct,MdAPE_pct
1,seasonal_naive,11424,4313.242384453782,0.8448007771947575,13.289926595867351,13.39561486937805
1,additive_baseline,11424,1866.249178851078,0.9516309683311844,5.750271463046808,4.097897992239044
1,gbm_log,11424,939.1357968672799,0.9860112535787586,2.8936574139452427,2.274967933591861
3,seasonal_naive,11424,4313.242384453782,0.8448007771947575,13.289926595867351,13.39561486937805
3,additive_baseline,11424,2069.3974135757435,0.9470002260983446,6.376210115903835,5.278902119420905
3,gbm_log,11424,1019.8007278009305,0.9841544258488251,3.142201528885977,2.465277315056294
6,seasonal_naive,11424,4313.242384453782,0.8448007771947575,13.289926595867351,13.39561486937805
6,additive_baseline,11424,2272.1186654332123,0.9396028516310562,7.000833152698295,6.111505567984443
6,gbm_log,11424,1167.7637813562308,0.9809091766749601,3.5981040600624974,2.947059062078434
12,seasonal_naive,11424,4313.242384453782,0.8448007771947575,13.289926595867351,13.39561486937805
12,additive_baseline,11424,2550.5945730537464,0.908925672673138,7.858870805377792,6.689122993857377
12,gbm_log,11424,1865.5526332569032,0.9583283906872724,5.748125272549695,5.255650254032215
