h,subset,model,n_origins,n_pairs,n,MAE,R2_level,R2_growth,wMAPE_pct,evidence
1,all_2016_series,seasonal_naive,10,20160,20160.0000,4344.6250,0.8243,-8.2179,13.7990,"10 origins (2024-02..2024-11), 10 target months"
1,all_2016_series,seasonal_growth1,10,20160,20160.0000,922.3386,0.9885,0.1578,2.9294,"10 origins (2024-02..2024-11), 10 target months"
1,all_2016_series,v2_ensemble,10,20160,20160.0000,898.0907,0.9891,0.2900,2.8524,"10 origins (2024-02..2024-11), 10 target months"
1,all_2016_series,v3,10,20160,20160.0000,893.5152,0.9892,0.2943,2.8379,"10 origins (2024-02..2024-11), 10 target months"
1,all_2016_series,v3_hedge,10,20160,20160.0000,749.2073,0.9921,0.4693,2.3796,"10 origins (2024-02..2024-11), 10 target months"
1,all_2016_series,timesfm_raw,10,20160,20160.0000,1830.0051,0.9539,-1.3110,5.8123,"10 origins (2024-02..2024-11), 10 target months"
1,all_2016_series,timesfm_yoy,10,20160,20160.0000,926.0694,0.9885,0.1614,2.9413,"10 origins (2024-02..2024-11), 10 target months"
1,prophet_sample_400,seasonal_naive,10,4000,4000.0000,4232.6798,0.8252,-7.8295,13.7052,"10 origins (2024-02..2024-11), 10 target months"
1,prophet_sample_400,seasonal_growth1,10,4000,4000.0000,888.3643,0.9892,0.2210,2.8765,"10 origins (2024-02..2024-11), 10 target months"
1,prophet_sample_400,v2_ensemble,10,4000,4000.0000,866.8005,0.9896,0.3324,2.8066,"10 origins (2024-02..2024-11), 10 target months"
1,prophet_sample_400,v3,10,4000,4000.0000,864.2695,0.9896,0.3354,2.7985,"10 origins (2024-02..2024-11), 10 target months"
1,prophet_sample_400,v3_hedge,10,4000,4000.0000,721.0740,0.9925,0.5039,2.3348,"10 origins (2024-02..2024-11), 10 target months"
1,prophet_sample_400,timesfm_raw,10,4000,4000.0000,1782.0667,0.9540,-1.2499,5.7702,"10 origins (2024-02..2024-11), 10 target months"
1,prophet_sample_400,timesfm_yoy,10,4000,4000.0000,893.4011,0.9889,0.2168,2.8928,"10 origins (2024-02..2024-11), 10 target months"
1,prophet_sample_400,prophet_log,10,4000,4000.0000,1610.7765,0.9644,-0.8230,5.2156,"10 origins (2024-02..2024-11), 10 target months"
3,all_2016_series,seasonal_naive,8,16128,16128.0000,4359.5865,0.8317,-9.6627,13.7119,"8 origins (2024-02..2024-09), 8 target months"
3,all_2016_series,seasonal_growth1,8,16128,16128.0000,1227.7189,0.9809,-0.5504,3.8614,"8 origins (2024-02..2024-09), 8 target months"
3,all_2016_series,v2_ensemble,8,16128,16128.0000,1170.9332,0.9806,-0.3761,3.6828,"8 origins (2024-02..2024-09), 8 target months"
3,all_2016_series,v3,8,16128,16128.0000,1168.3040,0.9808,-0.3699,3.6746,"8 origins (2024-02..2024-09), 8 target months"
3,all_2016_series,v3_hedge,8,16128,16128.0000,1049.3676,0.9843,-0.0987,3.3005,"8 origins (2024-02..2024-09), 8 target months"
3,all_2016_series,timesfm_raw,8,16128,16128.0000,2601.6764,0.9157,-3.8917,8.1828,"8 origins (2024-02..2024-09), 8 target months"
3,all_2016_series,timesfm_yoy,8,16128,16128.0000,1328.3435,0.9780,-0.8020,4.1779,"8 origins (2024-02..2024-09), 8 target months"
3,prophet_sample_400,seasonal_naive,8,3200,3200.0000,4247.8841,0.8325,-8.9070,13.6257,"8 origins (2024-02..2024-09), 8 target months"
3,prophet_sample_400,seasonal_growth1,8,3200,3200.0000,1196.5837,0.9803,-0.4578,3.8382,"8 origins (2024-02..2024-09), 8 target months"
3,prophet_sample_400,v2_ensemble,8,3200,3200.0000,1144.2059,0.9805,-0.2949,3.6702,"8 origins (2024-02..2024-09), 8 target months"
3,prophet_sample_400,v3,8,3200,3200.0000,1140.5432,0.9806,-0.2881,3.6585,"8 origins (2024-02..2024-09), 8 target months"
3,prophet_sample_400,v3_hedge,8,3200,3200.0000,1021.4403,0.9841,-0.0407,3.2764,"8 origins (2024-02..2024-09), 8 target months"
3,prophet_sample_400,timesfm_raw,8,3200,3200.0000,2534.7698,0.9147,-3.5781,8.1307,"8 origins (2024-02..2024-09), 8 target months"
3,prophet_sample_400,timesfm_yoy,8,3200,3200.0000,1295.4168,0.9772,-0.7102,4.1552,"8 origins (2024-02..2024-09), 8 target months"
3,prophet_sample_400,prophet_log,8,3200,3200.0000,1736.7764,0.9615,-1.4774,5.5710,"8 origins (2024-02..2024-09), 8 target months"
6,all_2016_series,seasonal_naive,5,10080,10080.0000,4248.8437,0.8474,-9.0831,13.1766,"5 origins (2024-02..2024-06), 5 target months (2024-08..2024-12); origins inside the Q1 anomaly"
6,all_2016_series,seasonal_growth1,5,10080,10080.0000,1646.4681,0.9686,-1.2472,5.1060,"5 origins (2024-02..2024-06), 5 target months (2024-08..2024-12); origins inside the Q1 anomaly"
6,all_2016_series,v2_ensemble,5,10080,10080.0000,1316.5108,0.9776,-0.7064,4.0828,"5 origins (2024-02..2024-06), 5 target months (2024-08..2024-12); origins inside the Q1 anomaly"
6,all_2016_series,v3,5,10080,10080.0000,1318.9489,0.9776,-0.7056,4.0903,"5 origins (2024-02..2024-06), 5 target months (2024-08..2024-12); origins inside the Q1 anomaly"
6,all_2016_series,v3_hedge,5,10080,10080.0000,1243.0779,0.9801,-0.4298,3.8550,"5 origins (2024-02..2024-06), 5 target months (2024-08..2024-12); origins inside the Q1 anomaly"
6,all_2016_series,timesfm_raw,5,10080,10080.0000,4010.2366,0.8391,-8.7194,12.4366,"5 origins (2024-02..2024-06), 5 target months (2024-08..2024-12); origins inside the Q1 anomaly"
6,all_2016_series,timesfm_yoy,5,10080,10080.0000,1778.9449,0.9610,-1.9554,5.5169,"5 origins (2024-02..2024-06), 5 target months (2024-08..2024-12); origins inside the Q1 anomaly"
6,prophet_sample_400,seasonal_naive,5,2000,2000.0000,4144.1870,0.8480,-8.4268,13.1098,"5 origins (2024-02..2024-06), 5 target months (2024-08..2024-12); origins inside the Q1 anomaly"
6,prophet_sample_400,seasonal_growth1,5,2000,2000.0000,1583.3657,0.9685,-1.0811,5.0089,"5 origins (2024-02..2024-06), 5 target months (2024-08..2024-12); origins inside the Q1 anomaly"
6,prophet_sample_400,v2_ensemble,5,2000,2000.0000,1288.6746,0.9772,-0.6039,4.0766,"5 origins (2024-02..2024-06), 5 target months (2024-08..2024-12); origins inside the Q1 anomaly"
6,prophet_sample_400,v3,5,2000,2000.0000,1291.3466,0.9772,-0.6009,4.0851,"5 origins (2024-02..2024-06), 5 target months (2024-08..2024-12); origins inside the Q1 anomaly"
6,prophet_sample_400,v3_hedge,5,2000,2000.0000,1209.9706,0.9796,-0.3511,3.8276,"5 origins (2024-02..2024-06), 5 target months (2024-08..2024-12); origins inside the Q1 anomaly"
6,prophet_sample_400,timesfm_raw,5,2000,2000.0000,3906.5499,0.8367,-8.1064,12.3581,"5 origins (2024-02..2024-06), 5 target months (2024-08..2024-12); origins inside the Q1 anomaly"
6,prophet_sample_400,timesfm_yoy,5,2000,2000.0000,1750.5745,0.9554,-2.0587,5.5378,"5 origins (2024-02..2024-06), 5 target months (2024-08..2024-12); origins inside the Q1 anomaly"
6,prophet_sample_400,prophet_log,5,2000,2000.0000,2096.5205,0.9460,-2.4766,6.6322,"5 origins (2024-02..2024-06), 5 target months (2024-08..2024-12); origins inside the Q1 anomaly"
12,all_2016_series,seasonal_naive,12,24192,24192.0000,4079.2547,0.8330,-5.1301,13.3106,"12 origins (2023-01..2023-12), targets 2024-01..2024-12 incl. the Q1 anomaly; V3/V3-hedge/seasonal growth/Prophet undefined (no observable YoY at origin)"
12,all_2016_series,naive_x_national_yoy,12,24192,24192.0000,1522.3656,0.9665,-0.1874,4.9675,"12 origins (2023-01..2023-12), targets 2024-01..2024-12 incl. the Q1 anomaly; V3/V3-hedge/seasonal growth/Prophet undefined (no observable YoY at origin)"
12,all_2016_series,timesfm_raw,12,24192,24192.0000,4937.2330,0.7415,-8.2570,16.1102,"12 origins (2023-01..2023-12), targets 2024-01..2024-12 incl. the Q1 anomaly; V3/V3-hedge/seasonal growth/Prophet undefined (no observable YoY at origin)"
12,all_2016_series,seasonal_growth1,0,0,,,,,,"not defined: needs observable YoY growth at origin (origin >= 2024-01/02), but a 12-month target must be <= 2024-12"
12,all_2016_series,v2_ensemble,0,0,,,,,,"not defined: needs observable YoY growth at origin (origin >= 2024-01/02), but a 12-month target must be <= 2024-12"
12,all_2016_series,v3,0,0,,,,,,"not defined: needs observable YoY growth at origin (origin >= 2024-01/02), but a 12-month target must be <= 2024-12"
12,all_2016_series,v3_hedge,0,0,,,,,,"not defined: needs observable YoY growth at origin (origin >= 2024-01/02), but a 12-month target must be <= 2024-12"
12,all_2016_series,timesfm_yoy,0,0,,,,,,"not defined: needs observable YoY growth at origin (origin >= 2024-01/02), but a 12-month target must be <= 2024-12"
12,all_2016_series,prophet_log,0,0,,,,,,"not defined: needs observable YoY growth at origin (origin >= 2024-01/02), but a 12-month target must be <= 2024-12"
