model,2024-02,2024-03,2024-04,2024-05,2024-06,2024-07,2024-08,2024-09,2024-10,2024-11
common_adaptive,1377.0513401760982,1477.5946682623228,1004.9850023446222,765.0234926294916,904.5342951040215,684.7315413038597,747.3399073145276,789.7960111235883,840.7422274086181,920.6890193161881
common_g2,1922.5971779094284,1652.0098488493961,809.7777004172738,821.5545957807014,815.6686505338333,741.6864282644888,747.3399073145276,789.7960111235883,842.1895199712532,857.2231854335691
common_national2,1008.0054727664914,925.1517730060323,780.0242538190367,790.6415345605701,759.0195151734308,705.8374714415692,737.1115306456346,780.6467457776864,727.8521692507805,726.1752370425972
ef_common_national2,1008.0054727664914,925.1517730060323,780.0242538190367,803.2417917253845,762.5974759935788,696.2836789387,727.5845368581693,776.4280139473328,722.3446697257549,714.5226272684731
factor_only6,2294.0668631677195,2531.9272488450206,1726.848011178862,1429.3359187943984,1005.9412975376401,986.9465099246839,1046.947801799912,965.994088569117,1039.249792260415,1336.2138052183318
horizon_weights,1922.5971779094266,1780.4092230610318,927.2652417314588,771.5215647033826,734.8275431282874,740.53962210342,754.3950210729802,811.8424998536022,838.3291670016758,827.5214749871989
local_sng2,1663.6014741510164,1543.555944026308,969.0857693049144,887.0943843810003,948.0061804856045,983.1492900474182,948.714697093162,902.5536296908663,922.872817549739,908.9481664355652
lowrank_factor4,1602.4190350894194,1524.7161051298444,962.6610017198864,849.5638213707118,918.1582420329294,909.9100370340904,866.7608983472104,841.657139153049,847.5982269230695,904.2135020306508
pooled_lgbm_direct,1922.5971779094266,1116.7622407041597,1748.1355725845099,773.5800908487142,1010.9879503154314,692.1566962075416,712.4320892667772,779.4493899739608,978.5389787397938,710.7153211090314
residual_catboost,1922.5971779094266,1140.944628612249,1385.390992221953,852.5558463654231,1092.3448315162493,729.9790040698301,778.1557545781976,732.5370240602174,903.7048559087513,698.770110964086
residual_lgbm,1922.5971779094266,1129.805992099864,1479.1794271835493,893.3912919913887,1115.791741001989,746.6143249795648,784.3401562937288,741.1699731754163,918.4523978212073,708.4044213794962
seasonal_growth1,1339.9198990427499,1465.7531650391174,980.4990177117115,869.913771890358,1076.1326089742108,933.7687698741632,938.5527605306319,959.1078308000449,1087.6387300150304,948.3758472784233
seasonal_naive,4327.065476190476,4652.911706349207,4544.157903439153,4562.830357142856,4233.194775132274,4228.857638888889,4024.3108465608466,4336.200562169312,4278.822668650793,4703.62996031746
v2_ensemble,1922.5971779094266,1873.8221856486155,1069.6470732806074,842.4547172184557,664.3732402426244,682.0560924953797,743.687184922262,812.6308231789836,850.8005662032267,888.1965782984898
v3_ef_adaptive_common,1377.0513401760982,1477.5946682623228,1004.9850023446222,775.4187211382598,907.8216351241172,675.617081376758,737.9989816111851,784.4530690408857,832.3522634601471,913.7520773763742
v3_ef_lag1,1922.5971779094266,1873.8221856486155,1063.5378772831189,841.72570591075,663.9419740816684,680.0477431571436,740.9065729407242,809.0662372089483,848.8419056232781,887.1914813868345
v3_error_feedback,1922.5971779094266,1873.8221856486155,1069.6470732806074,840.352356628728,664.479502360423,673.3923395981391,734.6500407470317,806.9588840611449,842.2637345630591,880.4699195891075
v3_hedge,1524.354229629824,1409.58855183922,825.1557916833741,761.5665238962741,712.5597284891988,702.5339630092811,741.4526943267371,783.5160380076925,782.8118857996723,807.023004817637
v3_hedge_ef,1524.354229629824,1409.58855183922,825.1557916833741,770.9840474346581,716.1191562112671,693.4718168811031,732.0423521054108,778.9372880336158,775.5721713084421,797.2865674962488
