model,n,MAE,R2_level,R2_growth,wMAPE_pct
seasonal_naive,18144,4509.13778659612,0.8280932747827141,-9.739255261779332,13.84283700364459
seasonal_growth1,18144,963.8768529016326,0.9879200231955172,0.09118414397112307,2.959055765819807
local_sng2,18144,924.8038069547541,0.9889475932293283,0.16660746090396739,2.839103386478821
factor_only6,18144,1431.473908850994,0.9718004019023545,-0.4262935243171577,4.394556328284845
v2_ensemble,18144,925.1225646891259,0.988403130902722,0.26152659555948143,2.840081957453892
common_g2,18144,826.1776793300002,0.9904064138491866,0.390306896728695,2.536325899157739
common_adaptive,18144,879.1332176728628,0.9895916444762164,0.37533550125167037,2.698896865141431
common_national2,18144,765.9863267425533,0.991382839416395,0.4600343889347117,2.3515413300603476
horizon_weights,18144,844.5044698105639,0.9902250058231872,0.30716956527961925,2.5925882680249144
lowrank_factor4,18144,892.8982694609539,0.9892922896072913,0.2977861056644001,2.7411549147436616
v3_error_feedback,18144,921.6661864936925,0.988476170990661,0.26552174103378745,2.829471041964779
v3_ef_lag1,18144,922.2962269127775,0.9884545956921811,0.2563559079755161,2.831405235870547
v3_ef_adaptive_common,18144,879.9630860828128,0.9896024116363319,0.38050727949659435,2.701444521406795
v3_hedge,18144,792.5348581284363,0.9907685458220833,0.4117870076253739,2.4330440496608388
v3_hedge_ef,18144,792.9833808296922,0.9907905549542447,0.416824564000733,2.4344209928681138
ef_common_national2,18144,767.6677892614719,0.9913951782133587,0.46561694793330943,2.356703339446337
residual_lgbm,18144,1073.6690416163028,0.9865006036822902,0.06976465138846244,3.296112525799162
residual_catboost,18144,1024.4467042826352,0.9875563240247233,0.12865780224855794,3.1450023080821885
pooled_lgbm_direct,18144,1136.99336320981,0.9849001413495454,-0.04698233747402769,3.4905151596665593
