h,model,n,MAE,R2_level,R2_growth,wMAPE_pct
1,seasonal_naive,8064,4287.635168650793,0.8301646173718659,-9.91237157480328,13.739282562753825
1,seasonal_growth1,8064,841.291027853529,0.9904554316043545,0.2039283883120474,2.6958299142850035
1,local_sng2,8064,783.658906025253,0.9915993175673185,0.35586802181678034,2.51115375240463
1,factor_only6,8064,766.1828783083495,0.9900429179989721,0.43562452754304004,2.4551536326573586
1,v2_ensemble,8064,598.3479474430219,0.9942801440736241,0.5775587899133385,1.917343989729039
1,common_g2,8064,651.0274437524207,0.9938067996000644,0.545460469525735,2.0861499763834797
1,common_adaptive,8064,656.7303639357291,0.9937150432736216,0.5346031617497682,2.104424393107224
1,common_national2,8064,646.9479924988303,0.9938739537704152,0.5399103911947161,2.073077797602071
1,horizon_weights,8064,625.3048364371348,0.9941530101086238,0.5415295944098701,2.0037245469207674
1,lowrank_factor4,8064,710.2414586759859,0.9927418107740573,0.5275742486156532,2.275895150753339
1,v3_error_feedback,8064,592.8622048303956,0.994398909441806,0.5845015198686793,1.8997654960240513
1,v3_ef_lag1,8064,596.3580009182182,0.9942957026887864,0.582044636921789,1.9109674123119702
1,v3_ef_adaptive_common,8064,652.6420173208614,0.9938189626401328,0.5428873571107391,2.091323710062444
1,v3_hedge,8064,615.9371848974905,0.9941907232802961,0.5650487765598071,1.9737068783482126
1,v3_hedge_ef,8064,611.6140147056601,0.994307721542927,0.5729363120290236,1.9598537274862369
1,ef_common_national2,8064,642.8971797424246,0.9939893176317626,0.5484122975421788,2.0600973879170326
1,residual_lgbm,8064,702.4364704854266,0.9929370768429473,0.49737798541911105,2.250884874941371
1,residual_catboost,8064,697.1435166683459,0.9931010073539241,0.506996555987546,2.233924152952666
1,pooled_lgbm_direct,8064,722.4403376427528,0.9928451689033005,0.4691788767836562,2.3149851942110207
2,seasonal_naive,8064,4135.147073412699,0.8407954533881485,-9.234713717240002,13.310364153601238
2,seasonal_growth1,8064,941.2962497026369,0.9877592335539482,0.10862871203615154,3.029879140337612
2,local_sng2,8064,940.2655760163378,0.9879781437344893,0.17086585760671458,3.0265615698027255
2,factor_only6,8064,987.8721423791363,0.9828648268630487,0.16016532566594377,3.179799344213607
2,v2_ensemble,8064,722.2885718553699,0.9914347296871215,0.4358690085142751,2.32492913666678
2,common_g2,8064,768.424807350688,0.9908114794729426,0.4048257574146301,2.4734341557669066
2,common_adaptive,8064,760.4799716199725,0.9909440222278478,0.41472594847666444,2.447861025032021
2,common_national2,8064,736.9028349279081,0.9914142605707673,0.4296804984202147,2.371970066500377
2,horizon_weights,8064,753.8692482104742,0.9914669865218743,0.39881683371710985,2.426582184319219
2,lowrank_factor4,8064,876.664953535713,0.9893912011249842,0.33747649415715075,2.8218415367340626
2,v3_error_feedback,8064,716.984121499868,0.9916129459435149,0.4455639343057559,2.3078549759143403
2,v3_ef_lag1,8064,720.4102968882586,0.9914348445823683,0.4378090806832483,2.318883275818544
2,v3_ef_adaptive_common,8064,755.6190013263928,0.9911093423650049,0.425682654561785,2.432214354285196
2,v3_hedge,8064,729.7467601747471,0.9914285945982599,0.43413068366736307,2.3489358287371345
2,v3_hedge_ef,8064,725.3203471645485,0.991606499903717,0.4447030029442943,2.334687927026747
2,ef_common_national2,8064,732.5277671934473,0.9915928223237264,0.440776792288029,2.357887436860246
2,residual_lgbm,8064,827.455667253767,0.9892472889906255,0.3460616049045959,2.6634448682424257
2,residual_catboost,8064,811.0997738793208,0.9896653554946615,0.36810268792525125,2.610797914456647
2,pooled_lgbm_direct,8064,743.2969523582068,0.9917416179791546,0.4339689673710737,2.392551687885835
3,seasonal_naive,8064,4194.140625,0.8530024079523157,-8.851205338143723,12.992949385277262
3,seasonal_growth1,8064,1148.0842000781222,0.9840705727881802,-0.19654474463063054,3.556628457504706
3,local_sng2,8064,1112.893365946197,0.9850569492536568,-0.06255166435083592,3.447611434094388
3,factor_only6,8064,1250.3172526860292,0.9764271120098031,-0.16392841707001815,3.873334309025105
3,v2_ensemble,8064,856.4239863310457,0.9890520223749866,0.25888762118857356,2.6530997650410595
3,common_g2,8064,901.4159968242199,0.98832179974051,0.21207781465426367,2.7924796684222617
3,common_adaptive,8064,927.5909805787961,0.9879654376122265,0.17733658080477888,2.8735666584617676
3,common_national2,8064,853.1106198520027,0.9892388380367965,0.25614265132478164,2.642835349322505
3,horizon_weights,8064,902.0294299711086,0.9891553758117912,0.2115266852493911,2.7943800114344315
3,lowrank_factor4,8064,1065.4583252137604,0.9861310519528818,0.08692950951811274,3.300663313268059
3,v3_error_feedback,8064,849.7642487447902,0.9893170789283693,0.27296364941548734,2.632468689186886
3,v3_ef_lag1,8064,853.7035977348867,0.9891124149092712,0.26369831149225254,2.6446723243569075
3,v3_ef_adaptive_common,8064,921.1570567174552,0.9882295597453719,0.19308042355539257,2.8536351267003286
3,v3_hedge,8064,859.3628728024445,0.9890563059345555,0.2532388513350221,2.6622040861847887
3,v3_hedge_ef,8064,853.493598053339,0.9893297158190263,0.26851659406726436,2.6440217702917885
3,ef_common_national2,8064,846.7453323674639,0.9895209253771788,0.27229469041111976,2.6231164449022812
3,residual_lgbm,8064,1011.0450088488308,0.9855195898612482,0.034901894439521186,3.1320973235631695
3,residual_catboost,8064,991.5191701207042,0.9859671093670711,0.0749156635654612,3.071608594885972
3,pooled_lgbm_direct,8064,930.5323043218236,0.9890936493625635,0.18217980722126248,2.8826785299834508
