month,legacy_raw_level_pct,new_panel_relative_pct,legacy_n_series,new_n_series
2023-04,11.239,14.683,1904,2016
2023-05,0.053,6.300,1904,2016
2023-06,0.105,0.645,1904,2016
2023-07,1.261,0.397,1904,2016
2023-08,0.105,0.595,1904,2016
2023-09,0.578,4.365,1904,2016
2023-10,0.105,0.744,1904,2016
2023-11,23.424,0.546,1904,2016
2023-12,0.525,0.496,1904,2016
2024-01,0.578,1.240,1904,2016
2024-02,1.681,1.091,1904,2016
2024-03,8.141,0.595,1904,2016
2024-04,6.880,0.397,1904,2016
2024-05,0.000,0.397,1904,2016
2024-06,0.210,0.595,1904,2016
2024-07,0.683,0.298,1904,2016
2024-08,0.053,0.645,1904,2016
2024-09,0.263,0.248,1904,2016
2024-10,0.210,0.744,1904,2016
