local_window,factor_window,w_local,MAE_exact,MAE_other,better_than_V2_exact,better_than_V2_other
1,1,0.300,830.978,908.751,False,True
1,1,0.400,814.435,887.466,False,True
1,1,0.500,810.691,874.713,False,True
1,1,0.600,820.242,870.992,False,True
1,1,0.700,842.174,877.845,False,True
1,2,0.300,819.651,879.651,False,True
1,2,0.400,805.309,849.400,False,True
1,2,0.500,803.493,831.661,False,True
1,2,0.600,814.917,828.315,False,True
1,2,0.700,838.049,840.081,False,True
1,3,0.300,830.768,910.088,False,True
1,3,0.400,816.452,865.668,False,True
1,3,0.500,813.891,835.949,False,True
1,3,0.600,823.938,823.714,False,True
1,3,0.700,845.400,830.875,False,True
1,4,0.300,798.510,1015.679,False,False
1,4,0.400,786.933,940.730,False,False
1,4,0.500,788.007,882.509,False,True
1,4,0.600,802.334,846.127,False,True
1,4,0.700,828.630,835.642,False,True
1,6,0.300,804.515,1088.383,False,False
1,6,0.400,768.127,996.186,False,False
1,6,0.500,753.484,921.959,False,True
1,6,0.600,761.333,871.231,False,True
1,6,0.700,790.133,848.931,False,True
1,9,0.300,866.710,1053.973,False,False
1,9,0.400,812.536,966.171,False,False
1,9,0.500,779.220,897.427,False,True
1,9,0.600,770.894,852.344,False,True
1,9,0.700,789.403,835.740,False,True
1,12,0.300,866.710,1025.198,False,False
1,12,0.400,812.536,941.642,False,False
1,12,0.500,779.220,877.741,False,True
1,12,0.600,770.894,838.177,False,True
1,12,0.700,789.403,826.788,False,True
2,1,0.300,803.321,865.122,False,True
2,1,0.400,781.673,834.413,False,True
2,1,0.500,774.768,816.234,False,True
2,1,0.600,783.557,810.732,False,True
2,1,0.700,805.677,818.565,False,True
2,2,0.300,796.729,879.494,False,True
2,2,0.400,777.995,847.173,False,True
2,2,0.500,773.623,826.178,False,True
2,2,0.600,783.378,818.127,False,True
2,2,0.700,805.749,823.351,False,True
2,3,0.300,807.832,914.211,False,True
2,3,0.400,789.045,868.459,False,True
2,3,0.500,783.829,835.344,False,True
2,3,0.600,792.364,817.850,False,True
2,3,0.700,812.901,817.717,False,True
2,4,0.300,780.659,1028.472,False,False
2,4,0.400,765.272,953.968,False,False
2,4,0.500,763.941,893.998,False,True
2,4,0.600,776.068,852.649,False,True
2,4,0.700,800.378,832.968,False,True
2,6,0.300,785.438,1095.725,False,False
2,6,0.400,744.243,1002.880,False,False
2,6,0.500,725.687,925.123,False,False
2,6,0.600,731.771,867.810,False,True
2,6,0.700,759.581,837.807,False,True
2,9,0.300,832.840,1064.793,False,False
2,9,0.400,768.835,976.514,False,False
2,9,0.500,728.339,903.706,False,True
2,9,0.600,718.313,852.025,True,True
2,9,0.700,739.897,827.211,False,True
2,12,0.300,832.840,1036.832,False,False
2,12,0.400,768.835,951.933,False,False
2,12,0.500,728.339,883.432,False,True
2,12,0.600,718.313,836.267,True,True
2,12,0.700,739.897,816.583,False,True
3,1,0.300,806.262,866.133,False,True
3,1,0.400,788.848,841.169,False,True
3,1,0.500,787.997,830.983,False,True
3,1,0.600,803.380,835.730,False,True
3,1,0.700,833.220,855.392,False,True
3,2,0.300,798.639,890.542,False,True
3,2,0.400,784.298,865.673,False,True
3,2,0.500,785.739,853.261,False,True
3,2,0.600,802.318,854.787,False,True
3,2,0.700,832.716,869.408,False,True
3,3,0.300,811.972,942.817,False,False
3,3,0.400,797.567,906.793,False,True
3,3,0.500,798.309,883.142,False,True
3,3,0.600,813.220,874.472,False,True
3,3,0.700,841.381,881.337,False,True
3,4,0.300,782.525,1068.012,False,False
3,4,0.400,771.542,1006.337,False,False
3,4,0.500,775.901,956.870,False,False
3,4,0.600,795.016,923.808,False,True
3,4,0.700,827.547,910.092,False,True
3,6,0.300,779.813,1142.713,False,False
3,6,0.400,742.060,1063.717,False,False
3,6,0.500,729.609,997.323,False,False
3,6,0.600,743.656,949.095,False,False
3,6,0.700,781.359,923.550,False,True
3,9,0.300,816.718,1110.213,False,False
3,9,0.400,752.359,1035.590,False,False
3,9,0.500,716.504,974.298,True,False
3,9,0.600,715.599,931.544,True,False
3,9,0.700,749.117,911.322,False,True
3,12,0.300,816.718,1080.969,False,False
3,12,0.400,752.359,1009.547,False,False
3,12,0.500,716.504,952.830,True,False
3,12,0.600,715.599,914.825,True,True
3,12,0.700,749.117,899.929,False,True
4,1,0.300,799.796,870.182,False,True
4,1,0.400,785.073,855.485,False,True
4,1,0.500,789.173,859.902,False,True
4,1,0.600,811.638,882.565,False,True
4,1,0.700,849.689,921.054,False,True
4,2,0.300,796.619,917.653,False,True
4,2,0.400,785.373,906.394,False,True
4,2,0.500,791.947,908.865,False,True
4,2,0.600,815.327,925.407,False,False
4,2,0.700,853.122,954.888,False,False
4,3,0.300,808.363,986.878,False,False
4,3,0.400,797.006,967.310,False,False
4,3,0.500,802.764,959.737,False,False
4,3,0.600,824.455,965.420,False,False
4,3,0.700,860.213,983.842,False,False
4,4,0.300,786.011,1123.162,False,False
4,4,0.400,778.961,1080.198,False,False
4,4,0.500,789.082,1048.162,False,False
4,4,0.600,814.658,1029.727,False,False
4,4,0.700,853.443,1026.612,False,False
4,6,0.300,787.109,1202.640,False,False
4,6,0.400,754.907,1142.914,False,False
4,6,0.500,749.494,1094.482,False,False
4,6,0.600,770.652,1061.231,False,False
4,6,0.700,814.284,1045.767,False,False
4,9,0.300,812.594,1168.638,False,False
4,9,0.400,751.485,1113.279,False,False
4,9,0.500,721.548,1070.092,True,False
4,9,0.600,728.811,1042.278,False,False
4,9,0.700,771.549,1032.275,False,False
4,12,0.300,812.594,1136.944,False,False
4,12,0.400,751.485,1084.332,False,False
4,12,0.500,721.548,1045.233,True,False
4,12,0.600,728.811,1022.329,False,False
4,12,0.700,771.549,1017.730,False,False
6,1,0.300,788.227,886.554,False,True
6,1,0.400,781.607,881.662,False,True
6,1,0.500,800.010,897.280,False,True
6,1,0.600,840.038,931.781,False,False
6,1,0.700,897.901,982.514,False,False
6,2,0.300,786.124,928.243,False,False
6,2,0.400,782.848,926.112,False,False
6,2,0.500,803.518,940.425,False,False
6,2,0.600,844.195,969.786,False,False
6,2,0.700,901.579,1012.351,False,False
6,3,0.300,795.579,1011.199,False,False
6,3,0.400,791.642,1002.858,False,False
6,3,0.500,811.204,1007.134,False,False
6,3,0.600,850.230,1024.051,False,False
6,3,0.700,905.850,1052.856,False,False
6,4,0.300,784.002,1155.818,False,False
6,4,0.400,785.923,1124.780,False,False
6,4,0.500,809.715,1104.747,False,False
6,4,0.600,851.408,1097.239,False,False
6,4,0.700,908.043,1103.100,False,False
6,6,0.300,814.930,1243.266,False,False
6,6,0.400,797.640,1197.414,False,False
6,6,0.500,807.441,1161.731,False,False
6,6,0.600,842.989,1138.867,False,False
6,6,0.700,899.237,1131.301,False,False
6,9,0.300,836.646,1206.288,False,False
6,9,0.400,788.933,1164.806,False,False
6,9,0.500,775.265,1134.484,False,False
6,9,0.600,800.395,1117.482,False,False
6,9,0.700,858.881,1115.642,False,False
6,12,0.300,836.646,1169.884,False,False
6,12,0.400,788.933,1130.523,False,False
6,12,0.500,775.265,1103.844,False,False
6,12,0.600,800.395,1092.202,False,False
6,12,0.700,858.881,1096.716,False,False
