query_id,month,topic_query,query,num_results
2023-05_natural_emergency,2023-05,natural_emergency,"новость о введении режима чрезвычайной ситуации в муниципальном районе или городе России (паводок, пожар, ураган, стихийное бедствие), май 2023",6
2023-05_security,2023-05,security,"новость об обстреле, атаке беспилотников или эвакуации жителей в районе или городе России, май 2023",6
2023-05_enterprise_negative,2023-05,enterprise_negative,"новость о закрытии или остановке крупного предприятия, сокращении работников в городе или районе России, май 2023",6
2023-05_enterprise_positive,2023-05,enterprise_positive,"новость об открытии нового завода, предприятия или крупного торгового центра в городе или районе России, май 2023",6
2023-05_infrastructure,2023-05,infrastructure,"новость о крупной аварии с отключением электроэнергии, тепла или водоснабжения в городе или районе России, май 2023",6
2023-06_natural_emergency,2023-06,natural_emergency,"новость о введении режима чрезвычайной ситуации в муниципальном районе или городе России (паводок, пожар, ураган, стихийное бедствие), июнь 2023",6
2023-06_security,2023-06,security,"новость об обстреле, атаке беспилотников или эвакуации жителей в районе или городе России, июнь 2023",6
2023-06_enterprise_negative,2023-06,enterprise_negative,"новость о закрытии или остановке крупного предприятия, сокращении работников в городе или районе России, июнь 2023",6
2023-06_enterprise_positive,2023-06,enterprise_positive,"новость об открытии нового завода, предприятия или крупного торгового центра в городе или районе России, июнь 2023",6
2023-06_infrastructure,2023-06,infrastructure,"новость о крупной аварии с отключением электроэнергии, тепла или водоснабжения в городе или районе России, июнь 2023",6
2023-07_natural_emergency,2023-07,natural_emergency,"новость о введении режима чрезвычайной ситуации в муниципальном районе или городе России (паводок, пожар, ураган, стихийное бедствие), июль 2023",6
2023-07_security,2023-07,security,"новость об обстреле, атаке беспилотников или эвакуации жителей в районе или городе России, июль 2023",6
2023-07_enterprise_negative,2023-07,enterprise_negative,"новость о закрытии или остановке крупного предприятия, сокращении работников в городе или районе России, июль 2023",6
2023-07_enterprise_positive,2023-07,enterprise_positive,"новость об открытии нового завода, предприятия или крупного торгового центра в городе или районе России, июль 2023",6
2023-07_infrastructure,2023-07,infrastructure,"новость о крупной аварии с отключением электроэнергии, тепла или водоснабжения в городе или районе России, июль 2023",6
2023-08_natural_emergency,2023-08,natural_emergency,"новость о введении режима чрезвычайной ситуации в муниципальном районе или городе России (паводок, пожар, ураган, стихийное бедствие), август 2023",6
2023-08_security,2023-08,security,"новость об обстреле, атаке беспилотников или эвакуации жителей в районе или городе России, август 2023",6
2023-08_enterprise_negative,2023-08,enterprise_negative,"новость о закрытии или остановке крупного предприятия, сокращении работников в городе или районе России, август 2023",6
2023-08_enterprise_positive,2023-08,enterprise_positive,"новость об открытии нового завода, предприятия или крупного торгового центра в городе или районе России, август 2023",6
2023-08_infrastructure,2023-08,infrastructure,"новость о крупной аварии с отключением электроэнергии, тепла или водоснабжения в городе или районе России, август 2023",6
2023-09_natural_emergency,2023-09,natural_emergency,"новость о введении режима чрезвычайной ситуации в муниципальном районе или городе России (паводок, пожар, ураган, стихийное бедствие), сентябрь 2023",6
2023-09_security,2023-09,security,"новость об обстреле, атаке беспилотников или эвакуации жителей в районе или городе России, сентябрь 2023",6
2023-09_enterprise_negative,2023-09,enterprise_negative,"новость о закрытии или остановке крупного предприятия, сокращении работников в городе или районе России, сентябрь 2023",6
2023-09_enterprise_positive,2023-09,enterprise_positive,"новость об открытии нового завода, предприятия или крупного торгового центра в городе или районе России, сентябрь 2023",6
2023-09_infrastructure,2023-09,infrastructure,"новость о крупной аварии с отключением электроэнергии, тепла или водоснабжения в городе или районе России, сентябрь 2023",6
2023-10_natural_emergency,2023-10,natural_emergency,"новость о введении режима чрезвычайной ситуации в муниципальном районе или городе России (паводок, пожар, ураган, стихийное бедствие), октябрь 2023",6
2023-10_security,2023-10,security,"новость об обстреле, атаке беспилотников или эвакуации жителей в районе или городе России, октябрь 2023",6
2023-10_enterprise_negative,2023-10,enterprise_negative,"новость о закрытии или остановке крупного предприятия, сокращении работников в городе или районе России, октябрь 2023",6
2023-10_enterprise_positive,2023-10,enterprise_positive,"новость об открытии нового завода, предприятия или крупного торгового центра в городе или районе России, октябрь 2023",6
2023-10_infrastructure,2023-10,infrastructure,"новость о крупной аварии с отключением электроэнергии, тепла или водоснабжения в городе или районе России, октябрь 2023",6
2023-11_natural_emergency,2023-11,natural_emergency,"новость о введении режима чрезвычайной ситуации в муниципальном районе или городе России (паводок, пожар, ураган, стихийное бедствие), ноябрь 2023",6
2023-11_security,2023-11,security,"новость об обстреле, атаке беспилотников или эвакуации жителей в районе или городе России, ноябрь 2023",6
2023-11_enterprise_negative,2023-11,enterprise_negative,"новость о закрытии или остановке крупного предприятия, сокращении работников в городе или районе России, ноябрь 2023",6
2023-11_enterprise_positive,2023-11,enterprise_positive,"новость об открытии нового завода, предприятия или крупного торгового центра в городе или районе России, ноябрь 2023",6
2023-11_infrastructure,2023-11,infrastructure,"новость о крупной аварии с отключением электроэнергии, тепла или водоснабжения в городе или районе России, ноябрь 2023",6
2023-12_natural_emergency,2023-12,natural_emergency,"новость о введении режима чрезвычайной ситуации в муниципальном районе или городе России (паводок, пожар, ураган, стихийное бедствие), декабрь 2023",6
2023-12_security,2023-12,security,"новость об обстреле, атаке беспилотников или эвакуации жителей в районе или городе России, декабрь 2023",6
2023-12_enterprise_negative,2023-12,enterprise_negative,"новость о закрытии или остановке крупного предприятия, сокращении работников в городе или районе России, декабрь 2023",6
2023-12_enterprise_positive,2023-12,enterprise_positive,"новость об открытии нового завода, предприятия или крупного торгового центра в городе или районе России, декабрь 2023",6
2023-12_infrastructure,2023-12,infrastructure,"новость о крупной аварии с отключением электроэнергии, тепла или водоснабжения в городе или районе России, декабрь 2023",6
2024-01_natural_emergency,2024-01,natural_emergency,"новость о введении режима чрезвычайной ситуации в муниципальном районе или городе России (паводок, пожар, ураган, стихийное бедствие), январь 2024",6
2024-01_security,2024-01,security,"новость об обстреле, атаке беспилотников или эвакуации жителей в районе или городе России, январь 2024",6
2024-01_enterprise_negative,2024-01,enterprise_negative,"новость о закрытии или остановке крупного предприятия, сокращении работников в городе или районе России, январь 2024",6
2024-01_enterprise_positive,2024-01,enterprise_positive,"новость об открытии нового завода, предприятия или крупного торгового центра в городе или районе России, январь 2024",6
2024-01_infrastructure,2024-01,infrastructure,"новость о крупной аварии с отключением электроэнергии, тепла или водоснабжения в городе или районе России, январь 2024",6
2024-02_natural_emergency,2024-02,natural_emergency,"новость о введении режима чрезвычайной ситуации в муниципальном районе или городе России (паводок, пожар, ураган, стихийное бедствие), февраль 2024",6
2024-02_security,2024-02,security,"новость об обстреле, атаке беспилотников или эвакуации жителей в районе или городе России, февраль 2024",6
2024-02_enterprise_negative,2024-02,enterprise_negative,"новость о закрытии или остановке крупного предприятия, сокращении работников в городе или районе России, февраль 2024",6
2024-02_enterprise_positive,2024-02,enterprise_positive,"новость об открытии нового завода, предприятия или крупного торгового центра в городе или районе России, февраль 2024",6
2024-02_infrastructure,2024-02,infrastructure,"новость о крупной аварии с отключением электроэнергии, тепла или водоснабжения в городе или районе России, февраль 2024",6
2024-03_natural_emergency,2024-03,natural_emergency,"новость о введении режима чрезвычайной ситуации в муниципальном районе или городе России (паводок, пожар, ураган, стихийное бедствие), март 2024",6
2024-03_security,2024-03,security,"новость об обстреле, атаке беспилотников или эвакуации жителей в районе или городе России, март 2024",6
2024-03_enterprise_negative,2024-03,enterprise_negative,"новость о закрытии или остановке крупного предприятия, сокращении работников в городе или районе России, март 2024",6
2024-03_enterprise_positive,2024-03,enterprise_positive,"новость об открытии нового завода, предприятия или крупного торгового центра в городе или районе России, март 2024",6
2024-03_infrastructure,2024-03,infrastructure,"новость о крупной аварии с отключением электроэнергии, тепла или водоснабжения в городе или районе России, март 2024",6
2024-04_natural_emergency,2024-04,natural_emergency,"новость о введении режима чрезвычайной ситуации в муниципальном районе или городе России (паводок, пожар, ураган, стихийное бедствие), апрель 2024",6
2024-04_security,2024-04,security,"новость об обстреле, атаке беспилотников или эвакуации жителей в районе или городе России, апрель 2024",6
2024-04_enterprise_negative,2024-04,enterprise_negative,"новость о закрытии или остановке крупного предприятия, сокращении работников в городе или районе России, апрель 2024",6
2024-04_enterprise_positive,2024-04,enterprise_positive,"новость об открытии нового завода, предприятия или крупного торгового центра в городе или районе России, апрель 2024",6
2024-04_infrastructure,2024-04,infrastructure,"новость о крупной аварии с отключением электроэнергии, тепла или водоснабжения в городе или районе России, апрель 2024",6
2024-05_natural_emergency,2024-05,natural_emergency,"новость о введении режима чрезвычайной ситуации в муниципальном районе или городе России (паводок, пожар, ураган, стихийное бедствие), май 2024",6
2024-05_security,2024-05,security,"новость об обстреле, атаке беспилотников или эвакуации жителей в районе или городе России, май 2024",6
2024-05_enterprise_negative,2024-05,enterprise_negative,"новость о закрытии или остановке крупного предприятия, сокращении работников в городе или районе России, май 2024",6
2024-05_enterprise_positive,2024-05,enterprise_positive,"новость об открытии нового завода, предприятия или крупного торгового центра в городе или районе России, май 2024",6
2024-05_infrastructure,2024-05,infrastructure,"новость о крупной аварии с отключением электроэнергии, тепла или водоснабжения в городе или районе России, май 2024",6
2024-06_natural_emergency,2024-06,natural_emergency,"новость о введении режима чрезвычайной ситуации в муниципальном районе или городе России (паводок, пожар, ураган, стихийное бедствие), июнь 2024",6
2024-06_security,2024-06,security,"новость об обстреле, атаке беспилотников или эвакуации жителей в районе или городе России, июнь 2024",6
2024-06_enterprise_negative,2024-06,enterprise_negative,"новость о закрытии или остановке крупного предприятия, сокращении работников в городе или районе России, июнь 2024",6
2024-06_enterprise_positive,2024-06,enterprise_positive,"новость об открытии нового завода, предприятия или крупного торгового центра в городе или районе России, июнь 2024",6
2024-06_infrastructure,2024-06,infrastructure,"новость о крупной аварии с отключением электроэнергии, тепла или водоснабжения в городе или районе России, июнь 2024",6
2024-07_natural_emergency,2024-07,natural_emergency,"новость о введении режима чрезвычайной ситуации в муниципальном районе или городе России (паводок, пожар, ураган, стихийное бедствие), июль 2024",6
2024-07_security,2024-07,security,"новость об обстреле, атаке беспилотников или эвакуации жителей в районе или городе России, июль 2024",6
2024-07_enterprise_negative,2024-07,enterprise_negative,"новость о закрытии или остановке крупного предприятия, сокращении работников в городе или районе России, июль 2024",6
2024-07_enterprise_positive,2024-07,enterprise_positive,"новость об открытии нового завода, предприятия или крупного торгового центра в городе или районе России, июль 2024",6
2024-07_infrastructure,2024-07,infrastructure,"новость о крупной аварии с отключением электроэнергии, тепла или водоснабжения в городе или районе России, июль 2024",6
2024-08_natural_emergency,2024-08,natural_emergency,"новость о введении режима чрезвычайной ситуации в муниципальном районе или городе России (паводок, пожар, ураган, стихийное бедствие), август 2024",6
2024-08_security,2024-08,security,"новость об обстреле, атаке беспилотников или эвакуации жителей в районе или городе России, август 2024",6
2024-08_enterprise_negative,2024-08,enterprise_negative,"новость о закрытии или остановке крупного предприятия, сокращении работников в городе или районе России, август 2024",6
2024-08_enterprise_positive,2024-08,enterprise_positive,"новость об открытии нового завода, предприятия или крупного торгового центра в городе или районе России, август 2024",6
2024-08_infrastructure,2024-08,infrastructure,"новость о крупной аварии с отключением электроэнергии, тепла или водоснабжения в городе или районе России, август 2024",6
2024-09_natural_emergency,2024-09,natural_emergency,"новость о введении режима чрезвычайной ситуации в муниципальном районе или городе России (паводок, пожар, ураган, стихийное бедствие), сентябрь 2024",6
2024-09_security,2024-09,security,"новость об обстреле, атаке беспилотников или эвакуации жителей в районе или городе России, сентябрь 2024",6
2024-09_enterprise_negative,2024-09,enterprise_negative,"новость о закрытии или остановке крупного предприятия, сокращении работников в городе или районе России, сентябрь 2024",6
2024-09_enterprise_positive,2024-09,enterprise_positive,"новость об открытии нового завода, предприятия или крупного торгового центра в городе или районе России, сентябрь 2024",6
2024-09_infrastructure,2024-09,infrastructure,"новость о крупной аварии с отключением электроэнергии, тепла или водоснабжения в городе или районе России, сентябрь 2024",6
2024-10_natural_emergency,2024-10,natural_emergency,"новость о введении режима чрезвычайной ситуации в муниципальном районе или городе России (паводок, пожар, ураган, стихийное бедствие), октябрь 2024",6
2024-10_security,2024-10,security,"новость об обстреле, атаке беспилотников или эвакуации жителей в районе или городе России, октябрь 2024",6
2024-10_enterprise_negative,2024-10,enterprise_negative,"новость о закрытии или остановке крупного предприятия, сокращении работников в городе или районе России, октябрь 2024",6
2024-10_enterprise_positive,2024-10,enterprise_positive,"новость об открытии нового завода, предприятия или крупного торгового центра в городе или районе России, октябрь 2024",6
2024-10_infrastructure,2024-10,infrastructure,"новость о крупной аварии с отключением электроэнергии, тепла или водоснабжения в городе или районе России, октябрь 2024",6
2024-11_natural_emergency,2024-11,natural_emergency,"новость о введении режима чрезвычайной ситуации в муниципальном районе или городе России (паводок, пожар, ураган, стихийное бедствие), ноябрь 2024",6
2024-11_security,2024-11,security,"новость об обстреле, атаке беспилотников или эвакуации жителей в районе или городе России, ноябрь 2024",6
2024-11_enterprise_negative,2024-11,enterprise_negative,"новость о закрытии или остановке крупного предприятия, сокращении работников в городе или районе России, ноябрь 2024",6
2024-11_enterprise_positive,2024-11,enterprise_positive,"новость об открытии нового завода, предприятия или крупного торгового центра в городе или районе России, ноябрь 2024",6
2024-11_infrastructure,2024-11,infrastructure,"новость о крупной аварии с отключением электроэнергии, тепла или водоснабжения в городе или районе России, ноябрь 2024",6
